hasc,Region,2020-02-24,2020-02-25,2020-02-26,2020-02-27,2020-02-28,2020-02-29,2020-03-01,2020-03-02,2020-03-03,2020-03-04,2020-03-05,2020-03-06,2020-03-07,2020-03-08,2020-03-09,2020-03-10,2020-03-11,2020-03-12,2020-03-13,2020-03-14,2020-03-15,2020-03-16,2020-03-17,2020-03-18,2020-03-19,2020-03-20,2020-03-21,2020-03-22,2020-03-23,2020-03-24,2020-03-25,2020-03-26,2020-03-27,2020-03-28,2020-03-29,2020-03-30,2020-03-31,2020-04-01,2020-04-02,2020-04-03,2020-04-04,2020-04-05,2020-04-06,2020-04-07,2020-04-08,2020-04-09,2020-04-10,2020-04-11,2020-04-12,2020-04-13,2020-04-14,2020-04-15,2020-04-16,2020-04-17,2020-04-18,2020-04-19,2020-04-20,2020-04-21,2020-04-22,2020-04-23,2020-04-24,2020-04-25,2020-04-26,2020-04-27,2020-04-28,2020-04-29,2020-04-30,2020-05-01,2020-05-02,2020-05-03,2020-05-04,2020-05-05,2020-05-06,2020-05-07,2020-05-08,2020-05-09,2020-05-10,2020-05-11,2020-05-12,2020-05-13,2020-05-14,2020-05-15,2020-05-16,2020-05-17,2020-05-18,2020-05-19,2020-05-20,2020-05-21,2020-05-22,2020-05-23,2020-05-24,2020-05-25,2020-05-26,2020-05-27,2020-05-28,2020-05-29,2020-05-30,2020-05-31,2020-06-01,2020-06-02,2020-06-03,2020-06-04,2020-06-05,2020-06-06,2020-06-07,2020-06-08,2020-06-09,2020-06-10,2020-06-11,2020-06-12,2020-06-13,2020-06-14,2020-06-15,2020-06-16,2020-06-17,2020-06-18,2020-06-19,2020-06-20,2020-06-21,2020-06-22,2020-06-23,2020-06-24,2020-06-25,2020-06-26,2020-06-27,2020-06-28,2020-06-29,2020-06-30,2020-07-01,2020-07-02,2020-07-03,2020-07-04,2020-07-05,2020-07-06,2020-07-07,2020-07-08,2020-07-09,2020-07-10,2020-07-11,2020-07-12,2020-07-13,2020-07-14,2020-07-15,2020-07-16,2020-07-17,2020-07-18,2020-07-19,2020-07-20,2020-07-21,2020-07-22,2020-07-23,2020-07-24,2020-07-25,2020-07-26,2020-07-27,2020-07-28,2020-07-29,2020-07-30,2020-07-31,2020-08-01,2020-08-02,2020-08-03,2020-08-04,2020-08-05,2020-08-06,2020-08-07,2020-08-08,2020-08-09,2020-08-10,2020-08-11,2020-08-12,2020-08-13,2020-08-14,2020-08-15,2020-08-16,2020-08-17,2020-08-18,2020-08-19,2020-08-20,2020-08-21,2020-08-22,2020-08-23,2020-08-24,2020-08-25,2020-08-26,2020-08-27,2020-08-28,2020-08-29,2020-08-30,2020-08-31,2020-09-01,2020-09-02,2020-09-03,2020-09-04,2020-09-05,2020-09-06,2020-09-07,2020-09-08,2020-09-09,2020-09-10,2020-09-11,2020-09-12,2020-09-13,2020-09-14,2020-09-15,2020-09-16,2020-09-17,2020-09-18,2020-09-19,2020-09-20,2020-09-21,2020-09-22,2020-09-23,2020-09-24,2020-09-25,2020-09-26,2020-09-27,2020-09-28,2020-09-29,2020-09-30,2020-10-01,2020-10-02,2020-10-03,2020-10-04,2020-10-05,2020-10-06,2020-10-07,2020-10-08,2020-10-09,2020-10-10,2020-10-11,2020-10-12,2020-10-13,2020-10-14,2020-10-15,2020-10-16,2020-10-17,2020-10-18,2020-10-19,2020-10-20,2020-10-21,2020-10-22,2020-10-23,2020-10-24,2020-10-25,2020-10-26,2020-10-27,2020-10-28,2020-10-29,2020-10-30,2020-10-31,2020-11-01,2020-11-02,2020-11-03,2020-11-04,2020-11-05,2020-11-06,2020-11-07,2020-11-08,2020-11-09,2020-11-10,2020-11-11,2020-11-12,2020-11-13,2020-11-14,2020-11-15,2020-11-16,2020-11-17,2020-11-18,2020-11-19,2020-11-20,2020-11-21,2020-11-22,2020-11-23,2020-11-24,2020-11-25,2020-11-26,2020-11-27,2020-11-28,2020-11-29,2020-11-30,2020-12-01,2020-12-02,2020-12-03,2020-12-04,2020-12-05,2020-12-06,2020-12-07,2020-12-08,2020-12-09,2020-12-10,2020-12-11,2020-12-12,2020-12-13,2020-12-14,2020-12-15,2020-12-16,2020-12-17,2020-12-18,2020-12-19,2020-12-20,2020-12-21,2020-12-22,2020-12-23,2020-12-24,2020-12-25,2020-12-26,2020-12-27,2020-12-28,2020-12-29,2020-12-30,2020-12-31,2021-01-01,2021-01-02,2021-01-03,2021-01-04,2021-01-05,2021-01-06,2021-01-07,2021-01-08,2021-01-09,2021-01-10,2021-01-11,2021-01-12,2021-01-13,2021-01-14,2021-01-15,2021-01-16,2021-01-17,2021-01-18,2021-01-19,2021-01-20,2021-01-21,2021-01-22,2021-01-23,2021-01-24,2021-01-25,2021-01-26,2021-01-27,2021-01-28,2021-01-29,2021-01-30,2021-01-31,2021-02-01,2021-02-02,2021-02-03,2021-02-04,2021-02-05,2021-02-06,2021-02-07,2021-02-08,2021-02-09,2021-02-10
IT.AB,Abruzzo,0,0,0,1,1,2,5,5,6,7,8,9,11,17,30,38,38,84,89,112,137,176,229,263,385,449,529,587,663,689,813,946,1017,1133,1293,1345,1401,1436,1497,1563,1628,1703,1721,1799,1859,1931,2014,2120,2160,2213,2245,2274,2346,2443,2487,2521,2612,2667,2733,2785,2803,2832,2859,2874,2899,2923,2930,2948,2964,2996,3000,3025,3047,3072,3078,3086,3103,3107,3115,3127,3136,3148,3178,3186,3193,3197,3205,3212,3220,3221,3226,3227,3230,3235,3237,3237,3237,3222,3245,3249,3252,3255,3257,3258,3265,3265,3266,3266,3267,3271,3275,3279,3279,3280,3281,3281,3280,3281,3281,3282,3282,3283,3284,3285,3285,3286,3102,3100,3099,3102,3104,3108,3107,3106,3106,3104,3112,3112,3113,3116,3113,3113,3113,3115,3116,3113,3113,3117,3119,3117,3125,3129,3130,3129,3130,3131,3135,3136,3138,3142,3138,3139,3141,3160,3149,3178,3160,3174,3175,3166,3166,3174,3186,3196,3195,3200,3205,3206,3206,3215,3237,3250,3251,3256,3273,3283,3300,3309,3331,3331,3331,3353,3367,3391,3396,3417,3424,3434,3427,3433,3467,3468,3503,3507,3520,3533,3559,3603,3603,3603,3657,3669,4249,4266,4317,4333,4380,4384,4397,4419,4449,4498,4540,4540,4607,4655,4715,4783,4886,4980,5057,5174,5320,5446,5648,5825,5973,6194,6353,6534,6786,7091,7325,7700,8068,8414,8759,9193,9674,10102,10552,11041,11519,12120,12543,13114,13505,13936,14519,15143,15888,16550,17091,17774,18713,19182,19823,20552,21193,21842,21842,23088,23648,24288,24822,25445,26015,26525,27056,27469,28024,28420,28801,29196,29604,29980,30274,30398,30710,30974,31201,31463,31740,32084,32275,32375,32630,32874,33101,33255,33471,33534,33620,33875,34098,34437,34471,34496,34533,34580,34858,35314,35723,35746,35953,36074,36287,36651,36880,37038,37438,37753,37873,38025,38339,38594,38834,39030,39315,39422,39535,39814,40025,40343,40564,40889,40955,41107,41450,41718,42059,42444,42846,43007,43214,43663,44189,44464,44972,45408,45592,45833,46147
IT.PU,Basilicata,0,0,0,0,0,0,0,0,1,1,1,3,3,4,5,7,8,8,10,10,11,12,20,27,37,52,66,81,90,92,113,134,151,182,202,214,226,237,246,261,264,278,287,291,297,303,308,312,315,319,319,320,336,337,339,342,342,350,354,356,360,361,366,366,366,366,367,378,380,386,386,396,399,383,382,382,385,386,387,389,389,389,390,392,392,393,393,394,394,398,399,399,399,399,399,399,399,399,399,399,399,399,399,399,399,399,400,400,401,401,401,401,401,401,401,401,401,401,401,401,401,401,401,401,401,401,401,401,401,401,401,401,400,400,400,401,401,401,401,401,401,401,402,402,402,402,402,402,402,402,402,402,402,402,402,402,402,402,402,402,402,402,402,402,402,402,402,402,402,402,402,402,402,402,402,402,402,402,402,402,402,402,402,403,403,403,405,405,405,405,405,405,409,410,410,411,411,411,412,413,413,414,414,414,414,414,415,415,415,420,420,422,669,678,691,716,763,770,776,808,841,857,906,906,934,938,953,975,997,1034,1047,1058,1066,1075,1112,1169,1226,1274,1296,1313,1398,1481,1570,1619,1696,1704,1781,1901,1987,2082,2199,2349,2460,2562,2788,2923,3172,3277,3523,3655,3879,4047,4249,4556,4821,4979,5106,5375,5612,5883,5883,6362,6570,6628,6889,7218,7454,7663,7878,8050,8142,8298,8455,8586,8728,8859,8940,9046,9105,9140,9186,9290,9375,9425,9491,9553,9648,9817,9890,9956,10029,10054,10124,10223,10378,10447,10472,10481,10498,10566,10679,10826,10982,11021,11102,11143,11199,11409,11471,11628,11771,11879,11958,12126,12197,12287,12365,12452,12501,12508,12568,12625,12684,12735,12794,12842,12913,12971,13045,13087,13132,13202,13231,13244,13299,13367,13435,13524,13609,13686,13701,13807,13901
IT.BC,Trentino-Alto Adige,0,1,1,1,1,1,1,1,5,6,8,14,23,32,42,90,152,211,288,379,582,619,676,831,959,1190,1403,1632,1747,1891,2080,2203,2394,2614,2808,3007,3117,3288,3482,3668,3812,3929,4070,4287,4437,4611,4771,4927,5151,5275,5325,5444,5561,5672,5756,5912,5984,6024,6062,6162,6232,6314,6375,6491,6523,6576,6634,6660,6716,6783,6799,6803,6823,6835,6843,6859,6864,6869,6875,6887,6893,6896,6904,6919,6933,6945,6955,6965,6978,6985,6997,6998,7008,7015,7020,7023,7025,7027,7030,7030,7031,7031,7032,7034,7038,7040,7043,7043,7047,7051,7056,7060,7059,7059,7060,7070,7073,7076,7085,7097,7098,7486,7489,7493,7496,7500,6017,6017,6020,6021,6022,6025,6027,6027,6028,6030,6033,6038,6042,6047,6054,6055,6058,6059,6063,6067,6069,6071,6073,6074,6075,6077,6084,6089,6092,6084,6090,6096,6111,6119,6123,6130,6137,6142,6154,6160,6165,6172,6174,6175,6179,6182,6186,6195,6204,6207,6208,6215,6236,6242,6262,6277,6293,6304,6312,6328,6348,6365,6377,6383,6398,6418,6439,6463,6501,6534,6542,6546,6560,6617,6651,6685,6728,6745,6769,6792,6816,6900,6934,6974,6995,7008,9149,9192,9267,9347,9411,9456,9477,9531,9608,9668,9754,9754,9886,9943,10030,10158,10282,10424,10547,10594,10656,10809,10969,11208,11445,11664,11828,12131,12468,12868,13344,13783,14226,14660,15159,15540,16011,16583,17520,18264,18888,19495,19969,21051,22025,23049,24012,24852,25470,26109,27056,28078,28974,29870,30595,31129,31946,32908,32908,34638,35332,35685,35988,36508,37097,37736,38449,39151,39510,39760,40355,40968,41508,42000,42464,42744,42972,43386,43847,44259,44731,45139,45321,45786,46315,47065,47485,47863,48217,48319,48557,48845,49225,49561,49709,49852,50071,50337,50754,51334,51797,51999,52225,52455,52831,53354,53787,54030,54552,55159,55353,55686,56130,56576,57467,58149,58592,58813,59392,60111,60841,61530,62275,62818,63050,63766,64556,65325,66222,67092,67694,68063,68874,69788,70775,71664,72744,73389,73710,74595,75689
IT.LB,Calabria,0,0,0,0,1,1,1,1,1,1,2,4,4,9,11,13,19,33,38,60,68,89,114,129,169,207,235,273,292,319,351,393,494,555,614,647,659,669,691,733,741,795,817,833,859,874,901,915,923,928,956,971,1009,991,1011,1035,1038,1047,1060,1069,1079,1088,1089,1096,1097,1102,1108,1112,1112,1114,1118,1119,1122,1125,1126,1129,1132,1134,1138,1140,1143,1144,1151,1151,1151,1153,1156,1156,1157,1157,1157,1157,1157,1158,1158,1158,1158,1158,1158,1158,1158,1158,1159,1159,1159,1159,1159,1159,1161,1161,1162,1162,1162,1162,1162,1165,1165,1167,1173,1174,1175,1175,1175,1178,1179,1180,1158,1159,1159,1159,1159,1159,1159,1159,1159,1159,1159,1159,1159,1159,1159,1159,1159,1159,1159,1159,1159,1159,1159,1159,1159,1159,1159,1159,1159,1159,1159,1159,1159,1159,1159,1159,1159,1159,1159,1159,1159,1159,1159,1159,1159,1159,1159,1159,1159,1159,1159,1159,1159,1159,1159,1159,1159,1159,1159,1159,1159,1159,1159,1159,1159,1159,1159,1159,1159,1159,1159,1159,1159,1159,1159,1159,1159,1159,1159,1159,1159,1159,1159,1159,1159,1159,1887,1896,1906,1921,1952,1957,1967,1985,2002,2020,2044,2044,2086,2109,2125,2146,2188,2256,2291,2344,2388,2448,2487,2589,2683,2761,2869,2963,3099,3286,3445,3611,3790,3970,4204,4400,4625,4863,5065,5310,5564,5830,6092,6450,6714,7106,7465,7908,8317,8693,9119,9416,9749,10093,10390,11070,12006,12512,12512,13452,13896,14217,14524,14859,15256,15724,16150,16444,16714,17032,17262,17542,17891,18197,18537,18712,18867,19006,19175,19333,19568,19796,19962,20137,20331,20491,20720,20927,21151,21261,21493,21777,22021,22278,22515,22694,22906,23069,23518,23920,24265,24440,24590,24811,24988,25386,25747,26102,26525,26934,27204,27453,27736,28022,28427,28722,29073,29329,29520,29833,30091,30459,30861,31072,31279,31511,31774,32076,32329,32554,32747,32942,33108,33426,33628,33867,34064,34191,34333,34521,34735
IT.CM,Campania,0,0,0,3,4,13,17,17,30,31,45,57,61,101,120,127,154,179,220,272,333,400,460,460,652,749,844,936,1026,1101,1199,1310,1454,1592,1759,1952,2092,2231,2456,2677,2828,2960,3058,3148,3268,3344,3442,3517,3604,3670,3769,3807,3887,3951,3988,4029,4074,4135,4185,4238,4282,4299,4331,4349,4380,4410,4423,4444,4459,4484,4498,4518,4532,4541,4562,4576,4588,4602,4615,4630,4639,4654,4668,4684,4695,4707,4714,4723,4733,4744,4749,4755,4767,4773,4777,4787,4797,4802,4806,4809,4821,4822,4822,4822,4826,4828,4833,4834,4837,4608,4608,4609,4613,4613,4614,4615,4615,4615,4617,4624,4634,4645,4662,4665,4665,4665,4664,4677,4678,4680,4682,4683,4685,4690,4691,4693,4694,4701,4708,4711,4718,4718,4724,4728,4739,4754,4763,4769,4775,4794,4810,4816,4837,4848,4858,4883,4898,4914,4923,4933,4940,4944,4946,4953,4957,4968,4970,4990,5004,5027,5056,5082,5124,5142,5183,5197,5220,5274,5327,5394,5455,5574,5636,5733,5812,5888,5990,6098,6243,6341,6392,6470,6595,6747,6837,6932,7074,7259,7416,7540,7637,7725,7839,7915,8041,8213,8380,8456,8599,8758,8987,9137,10907,11102,11355,11629,11874,12169,12455,12742,13132,13524,13925,13925,14768,15163,15707,16464,17233,17897,18530,19192,19827,20645,21772,23033,24443,25819,27412,28724,30484,32025,34305,36023,38613,40594,43355,45782,48885,52071,55740,59600,62461,65432,69613,73501,78009,82318,86919,90039,92755,95921,99986,104065,107416,111187,115266,118285,121942,125276,125276,133056,136273,138431,140195,143010,146018,148942,151671,153693,155319,156432,158274,160569,162220,163741,165293,166353,167433,168794,169992,171332,172746,173965,175053,175700,176600,177527,178728,179677,180568,181259,182050,183117,184273,185282,185821,186131,186564,187189,188119,189673,191407,191799,192418,193165,193853,195219,196271,197255,198518,199771,200792,201454,202552,203846,204996,206128,207149,207863,208514,209482,210697,211803,212953,214022,214776,215752,216930,218243,219418,220784,222185,223179,224098,225637,227181,228846,230392,232133,233322,234596,236231
IT.ER,Emilia Romagna,18,26,47,97,145,217,285,335,420,544,698,870,1010,1180,1386,1533,1739,1947,2263,2644,3093,3522,3931,4525,5214,5968,6705,7555,8535,9254,10054,10816,11588,12383,13119,13531,14074,14787,15333,15932,16540,17089,17556,17825,18234,18677,19128,19635,20098,20440,20752,21029,21486,21834,22184,22560,22867,23092,23434,23723,23970,24209,24450,24662,24914,25177,25436,25644,25850,26016,26175,26275,26379,26487,26598,26719,26796,26876,26929,26979,27056,27110,27182,27232,27267,27314,27364,27417,27470,27513,27558,27587,27611,27627,27701,27739,27759,27790,27809,27828,27842,27860,27877,27894,27908,27928,27946,27970,27995,28028,28056,28073,28084,28097,28111,28143,28170,28198,28221,28243,28260,28304,28351,28393,28435,28456,27961,27965,27970,27981,27990,28001,28012,28017,28028,28041,28038,28050,28068,28091,28096,28103,28112,28128,28151,28166,28175,28190,28196,28212,28235,28253,28269,28290,28302,28310,28328,28339,28354,28373,28392,28403,28425,28438,28454,28476,28490,28516,28533,28546,28564,28581,28611,28642,28662,28685,28693,28722,28749,28787,28821,28880,28939,28969,29022,29098,29170,29241,29294,29354,29408,29457,29507,29578,29640,29703,29765,29809,29855,29900,29972,30044,30116,30178,30239,30293,30355,30405,30466,30531,30587,30622,34612,34711,34833,34932,35028,35113,35210,35311,35414,35577,35743,35743,36089,36261,36454,36638,36914,37297,37681,38018,38356,38695,39148,39692,40333,40859,41410,41917,42588,43477,44365,45542,46734,47877,49285,50494,52038,53797,55841,57597,59249,61158,62914,65091,67041,69049,71408,73432,75855,78283,80684,83068,85699,88520,91066,93285,95654,97814,97814,103064,105729,108073,110571,112700,114855,117019,119184,121032,123073,124541,126110,127870,130009,131973,133761,135651,137270,138348,139800,141010,142816,144755,146325,147558,148794,150460,152204,153844,155593,157185,158345,159472,161163,163290,165044,166327,167077,167969,169396,171512,174141,176170,177988,179586,181089,182661,184889,186913,188701,190892,192832,194395,195573,197086,198878,200552,201988,203141,204174,205261,206578,207925,209235,210442,211606,212590,213501,214754,216065,217377,218651,219702,220575,221615,222804,224164,225545,226926,228198,229157,230078
IT.FV,Friuli V. G.,0,0,0,0,0,0,6,9,13,18,21,31,42,57,93,116,126,167,257,301,347,386,394,462,599,656,790,874,930,992,1139,1223,1317,1436,1480,1501,1593,1685,1799,1879,1986,2048,2103,2153,2218,2299,2349,2393,2431,2482,2520,2544,2616,2675,2731,2745,2775,2792,2817,2858,2882,2903,2917,2977,2995,3010,3025,3041,3059,3072,3076,3085,3094,3107,3116,3124,3130,3138,3148,3156,3161,3175,3183,3191,3198,3203,3209,3215,3227,3233,3236,3240,3251,3255,3262,3267,3271,3273,3274,3276,3276,3279,3280,3283,3283,3284,3284,3286,3287,3290,3296,3296,3296,3297,3299,3301,3303,3304,3305,3305,3305,3305,3305,3307,3307,3308,3307,3307,3311,3311,3315,3322,3322,3322,3323,3325,3326,3327,3328,3328,3328,3331,3332,3336,3339,3343,3345,3346,3346,3347,3349,3354,3359,3361,3361,3361,3364,3376,3377,3380,3382,3388,3391,3400,3404,3407,3413,3418,3418,3420,3428,3434,3442,3455,3463,3466,3471,3477,3485,3503,3530,3552,3554,3561,3583,3599,3607,3627,3636,3640,3647,3660,3675,3689,3728,3743,3754,3760,3797,3827,3851,3870,3907,3910,3924,3949,3988,4017,4045,4074,4084,4092,4461,4489,4526,4580,4608,4610,4638,4666,4723,4789,4840,4840,4911,4962,5034,5144,5290,5416,5513,5572,5610,5792,5928,6093,6260,6415,6505,6636,6855,7075,7415,7827,8161,8495,8736,9142,9610,10115,10841,11244,11462,11828,12264,12810,13352,14224,14728,15048,15530,16102,16940,17771,18329,18937,19393,19929,20725,21922,21922,23983,24658,25035,25589,26285,27099,27963,29395,30075,30650,31386,32198,32970,34010,34765,35467,35826,36484,37117,37789,38632,39516,40089,40491,41320,42099,42806,43559,44533,45191,45435,45984,45884,46715,47299,47523,47667,47854,48347,49150,50027,50742,51101,51301,51582,52270,52876,53943,54576,55591,56233,56594,57241,57787,58592,59511,60381,60766,60919,61373,62045,62702,63154,63833,64338,64519,64940,65524,66166,66723,67138,67534,67663,67921,68613,68968,69414,69827,70112,70244,70515,70876
IT.LZ,Lazio,3,3,3,3,3,6,6,7,14,30,44,54,76,87,102,116,150,200,277,357,436,523,607,724,823,1008,1190,1383,1540,1728,1901,2096,2295,2505,2706,2914,3095,3264,3433,3600,3757,3880,4031,4149,4266,4429,4583,4723,4845,4968,5111,5232,5380,5524,5668,5755,5815,5895,5975,6054,6132,6224,6309,6392,6467,6545,6616,6672,6756,6809,6847,6914,6995,7034,7086,7133,7165,7190,7212,7250,7291,7364,7396,7446,7485,7505,7533,7558,7589,7607,7627,7643,7661,7672,7693,7709,7715,7728,7738,7743,7753,7764,7773,7801,7812,7828,7851,7869,7889,7916,7941,7955,7958,7967,7977,7986,7995,8009,8017,8025,8033,8039,8051,8064,8082,8096,5987,5990,5996,6000,6008,6019,6025,6035,6035,6043,6053,6063,6065,6069,6076,6086,6096,6100,6105,6115,6121,6128,6128,6131,6148,6155,6162,6163,6172,6175,6187,6193,6197,6198,6203,6209,6219,6220,6223,6231,6239,6251,6260,6264,6276,6290,6296,6308,6320,6326,6332,6348,6379,6407,6435,6468,6509,6530,6554,6576,6611,6643,6686,6686,6711,6737,6769,6805,6828,6853,6890,6909,6943,6968,7007,7050,7086,7136,7165,7208,7259,7306,7376,7410,7467,7552,14975,15205,15435,15654,15835,16046,16265,16475,16740,17004,17265,17265,17757,18032,18389,18748,19135,19519,19890,20285,20864,21407,22001,22796,23790,24988,25927,27151,28370,29621,31010,32697,34238,35936,37929,39892,41887,44133,46422,48773,50632,52841,55273,58008,60707,63325,65814,67967,70575,73054,75740,78665,81662,84274,86681,89219,92085,94782,94782,100107,102640,104981,107490,109592,111852,114128,116198,118191,119780,121449,123240,125009,126840,128623,130255,131627,133128,134425,135913,137143,138337,139676,140991,142150,143370,144967,146395,147805,149018,150223,151511,152457,153976,155667,156790,157767,158733,159951,161284,163051,164964,166239,167920,169254,170973,172980,174759,176372,177915,179661,180915,182296,183908,185724,187118,188400,189643,190515,191615,192896,194199,195340,196637,197693,198567,199606,200944,202207,203367,204505,205448,206165,207007,208171,209345,210486,211500,212420,213202,214049,215076
IT.LG,Liguria,0,1,11,19,19,42,25,22,24,26,28,32,51,78,109,141,194,274,345,463,559,667,778,887,1059,1221,1436,1665,1924,2116,2305,2567,2696,2822,3076,3217,3416,3660,3782,3965,4203,4449,4549,4757,4906,5020,5191,5376,5494,5596,5808,5936,6039,6188,6301,6528,6669,6764,6918,7049,7173,7301,7488,7642,7772,7889,7993,8126,8312,8359,8412,8475,8551,8645,8723,8738,8788,8832,8863,8930,8995,9060,9111,9159,9191,9257,9289,9344,9389,9427,9480,9497,9550,9589,9605,9619,9651,9663,9719,9734,9751,9772,9786,9799,9812,9826,9834,9854,9864,9871,9875,9879,9887,9891,9896,9903,9910,9920,9927,9935,9939,9940,9954,9958,9963,9967,9019,9012,8747,8737,8723,8713,8721,8712,8628,8557,8530,8483,8478,8475,8466,8459,8455,8448,8447,8462,8469,8467,8476,8480,8486,8479,8463,8466,8484,8463,8482,8494,8468,8474,8477,8468,8446,8440,8443,8445,8447,8447,8455,8462,8481,8542,8561,8584,8589,8598,8613,8619,8629,8650,8668,8670,8670,8662,8683,8664,8644,8644,8670,8693,8644,8682,8666,8699,8761,8824,8838,8812,8814,8894,8914,8984,9014,9030,9060,9085,9080,9217,9219,9293,9281,9308,12769,12871,12944,13041,13086,13195,13284,13335,13446,13586,13748,13748,13976,14146,14322,14474,14670,14883,15269,15455,15902,16264,16696,17281,17745,18115,18438,19345,19891,20581,21359,22394,23051,23470,24597,25523,26541,27540,28608,29344,29943,30995,32117,33325,34452,35544,36430,36968,38140,39242,40255,41464,42555,43377,43742,44427,45202,45994,45994,47516,48127,48412,48921,49381,49951,50557,51011,51448,51684,52023,52372,52794,53161,53475,53779,53907,54173,54364,54684,55024,55287,55618,55841,56043,56318,56734,57021,57292,57577,57754,57970,58198,58526,58971,59005,59104,59277,59582,59997,60469,60881,61084,61305,61509,61913,62278,62474,62874,63400,63774,64000,64276,64671,64960,65214,65535,65763,66026,66261,66546,66789,67102,67400,67693,67857,68128,68396,68768,69106,69361,69668,69817,70055,70288,70777,71109,71385,71749,71969,72226,72590
IT.LM,Lombardia,172,240,258,403,531,615,984,1254,1520,1820,2251,2612,3420,4189,5469,5791,7280,8725,9820,11685,13272,14649,16220,17713,19884,22264,25515,27206,28761,30703,32346,34889,37298,39415,41007,42161,43208,44773,46065,47520,49118,50455,51534,52325,53414,54802,56048,57592,59052,60314,61326,62153,63094,64135,65381,66236,66971,67931,69092,70165,71256,71969,72889,73479,74348,75134,75732,76469,77002,77528,78105,78605,79369,80089,80723,81225,81507,81871,82904,83298,83820,84119,84518,84844,85019,85481,85775,86091,86384,86825,87110,87258,87417,87801,88183,88537,88758,88968,89018,89205,89442,89526,89928,90070,90195,90389,90581,90680,90932,91204,91414,91658,91917,92060,92302,92518,92675,92840,92968,93111,93173,93261,93431,93587,93664,93761,88821,88687,88747,88793,88834,88857,88891,88967,88988,89010,89057,89120,89131,89163,89209,89200,89240,89270,89280,89332,89336,89367,89382,89400,89426,89450,89482,89521,89531,89560,89567,89655,89624,89651,89676,89689,89704,89814,89887,89924,89970,90015,90038,90081,90150,90188,90249,90319,90365,90391,90430,90487,90583,90669,90802,90944,91020,90963,91103,91221,91355,91476,91582,91637,91748,91845,91957,92117,92304,92417,92479,92597,92681,92791,92918,93050,93207,93294,93359,93456,93616,93748,93866,93998,94073,94164,105226,105455,105732,105988,106204,106323,106526,106727,107051,107358,107751,107751,108316,108666,109186,109869,110852,111992,113024,113720,114800,116644,118711,121130,123794,126769,128456,130479,134604,138729,143645,148601,154363,157933,162968,170526,177865,186825,195744,204351,209629,216433,224191,233013,242947,254436,260754,265531,276486,284666,293957,304591,312720,320780,324908,333356,340989,348442,348442,366516,371610,376899,381785,386958,392655,398044,402659,405862,407791,411839,415264,419015,423548,426696,429109,430671,432327,433560,435653,438591,441327,443662,444607,447011,450005,452735,455479,457423,459218,460168,462446,464599,467255,469883,471489,471955,472528,473371,475044,478903,481959,483361,485070,485933,487271,490223,493022,494985,497491,500758,502246,503392,505637,508224,510429,512563,514166,515355,516285,518161,520395,522364,523899,525274,526758,527988,530281,532884,534784,536616,538054,539147,540059,541797,543543,546047,547970,549485,550380,552005,553854
IT.MH,Marche,0,0,1,3,6,11,25,35,61,84,124,159,207,272,323,394,479,592,725,899,1133,1242,1371,1568,1737,1981,2153,2421,2569,2736,2934,3114,3196,3373,3558,3684,3825,3962,4098,4230,4341,4464,4614,4710,4859,4955,5084,5211,5303,5381,5426,5503,5582,5668,5721,5769,5826,5877,5924,5952,6028,6058,6111,6127,6175,6210,6247,6275,6298,6319,6363,6392,6421,6452,6470,6493,6533,6543,6568,6588,6603,6619,6642,6667,6678,6675,6677,6689,6697,6701,6714,6716,6718,6718,6719,6723,6727,6730,6730,6734,6735,6738,6740,6742,6745,6747,6747,6750,6751,6752,6754,6758,6762,6763,6764,6768,6768,6768,6768,6774,6775,6779,6781,6783,6785,6785,6785,6785,6786,6789,6789,6789,6790,6790,6791,6794,6798,6799,6803,6804,6804,6805,6805,6806,6809,6812,6811,6811,6813,6814,6815,6816,6818,6825,6827,6838,6855,6863,6884,6889,6897,6897,6899,6905,6911,6934,6937,6954,6956,6960,6976,6987,7019,7030,7035,7043,7058,7065,7078,7095,7105,7110,7113,7124,7133,7194,7211,7223,7238,7240,7256,7273,7294,7311,7343,7363,7369,7384,7403,7443,7484,7511,7550,7561,7575,7613,7650,7679,7703,7734,7751,7769,7801,7818,7851,7877,7901,7906,7932,7955,7983,8025,8084,8084,8165,8200,8284,8350,8399,8485,8593,8630,8712,8878,9018,9133,9254,9458,9556,9645,9871,10192,10645,10919,11440,11678,12058,12409,13095,13619,14121,14804,15177,15608,16261,16959,17656,18287,18789,19051,19555,20256,21090,21830,22609,23316,23598,23955,24434,25101,25101,26065,26594,26755,27106,27554,28073,28563,29036,29554,29806,30143,30564,31040,31532,31950,32393,32538,32831,33060,33383,33866,34317,34798,34972,35200,35680,36147,36528,36897,37269,37431,37794,38292,38707,39310,39516,39697,39828,40336,40921,41624,42317,42602,42974,43329,43787,44530,44876,45440,46128,46815,47148,47647,48127,48633,49262,49671,50111,50268,50627,51044,51544,51981,52378,52903,53103,53394,53860,54289,54660,55125,55487,55676,56009,56417,56897,57311,57747,58141,58312,58582,59003
IT.ML,Molise,0,0,0,0,0,0,0,0,3,3,7,12,14,14,14,15,16,16,17,17,17,21,25,28,46,50,61,66,67,73,73,103,109,123,127,134,144,160,165,176,206,224,224,224,226,234,243,246,257,257,257,263,263,269,269,279,281,282,284,284,287,292,296,296,297,297,298,300,301,301,301,301,304,305,327,347,370,383,386,401,403,407,410,411,422,422,422,423,426,431,432,432,432,434,435,436,436,436,436,436,436,436,436,436,436,436,438,439,439,439,439,439,439,439,440,440,441,441,441,444,444,444,444,445,445,445,444,444,444,444,444,444,444,444,444,444,444,444,444,444,444,444,444,444,444,444,444,444,444,444,457,458,461,464,467,467,468,468,469,471,473,475,475,475,475,475,475,475,475,475,475,475,475,477,477,477,486,493,497,498,499,500,500,500,501,502,502,502,502,502,502,502,502,503,503,505,514,517,517,520,523,526,528,531,532,538,540,542,547,548,579,580,623,627,632,637,644,648,649,655,656,660,660,660,677,683,684,690,701,711,739,746,795,813,843,864,929,956,994,1020,1042,1070,1126,1192,1218,1319,1385,1404,1498,1612,1695,1796,1897,1990,2016,2123,2199,2351,2442,2540,2582,2653,2726,2789,2910,2995,3121,3268,3366,3520,3520,3816,3909,4000,4071,4177,4285,4364,4512,4626,4713,4773,4868,4921,5098,5250,5286,5338,5381,5395,5417,5490,5562,5681,5721,5758,5783,5850,5923,5972,6034,6132,6143,6170,6285,6353,6381,6382,6389,6396,6440,6528,6634,6655,6673,6755,6769,6796,6864,6940,6978,7090,7115,7139,7236,7343,7382,7483,7553,7586,7604,7658,7692,7749,7797,7899,7939,7953,8016,8099,8178,8261,8354,8408,8439,8517,8597,8698,8776,8867,8951,8972,9116
IT.PM,Piemonte,3,3,3,2,11,11,49,51,56,82,108,143,207,360,350,453,501,580,840,873,1111,1516,1897,2341,2932,3461,3752,4420,4861,5515,6024,6534,7092,7671,8206,8712,9301,9795,10353,10896,11709,12362,12924,13343,13883,14522,15012,16008,16660,17134,17690,18229,19108,19803,20464,21057,21349,21955,22739,23140,23822,24426,24820,25098,25450,25861,26289,26684,27179,27430,27622,27774,27939,28135,28368,28549,28665,28776,28889,29058,29209,29346,29483,29547,29619,29727,29885,29990,30077,30137,30180,30228,30314,30387,30445,30501,30583,30637,30658,30715,30734,30758,30807,30845,30855,30869,30890,30916,30958,30989,31029,31059,31061,31090,31131,31162,31188,31215,31241,31248,31254,31276,31296,31311,31322,31336,27422,27273,27132,26969,26872,26713,26686,26659,26584,26476,26391,26303,26178,26147,26141,26106,26053,25982,25904,25844,25823,25790,25744,25673,25624,25578,25540,25461,25441,25398,25356,25317,25281,25235,25209,25169,25147,25113,25058,25012,24959,24929,24928,24895,24841,24807,24812,24747,24733,24731,24713,24684,24645,24617,24599,24571,24557,24548,24518,24453,24420,24402,24400,24398,24382,24332,24308,24291,24260,24235,24175,24139,24122,24096,24060,24034,23979,23990,23962,23957,23925,23856,23816,23698,23667,23572,34575,34679,34799,34906,35038,35132,35232,35402,35512,35731,36010,36010,36312,36571,36858,37194,37595,38094,38503,38957,39542,40041,41074,41895,42867,43990,44923,46319,48118,49668,51700,53248,55535,57160,59618,62445,65030,67749,70636,72660,74663,77832,81409,84580,89458,93895,97779,100655,104314,107267,112054,117312,121783,125465,128941,131547,134828,140177,140177,146934,149575,151305,153375,156253,159004,162153,164310,166331,167516,169133,170701,172931,175063,176519,177788,178699,179651,180557,181531,183084,184527,185538,186066,187172,188387,189270,187890,188528,189357,189968,190510,191443,192500,193375,193792,194262,194575,195415,196461,197828,198886,199319,200060,200506,201615,202778,203782,204627,206159,206962,207571,208472,209481,210338,211209,212265,212760,213195,213911,214517,215278,216127,217058,217677,218277,219005,219826,220888,221832,222559,223097,223611,224376,225195,226002,226938,227655,228279,228762,229381,230050
IT.SD,Puglia,0,0,0,1,3,3,3,4,6,9,14,17,26,40,50,59,77,104,129,166,230,230,340,383,478,581,675,786,906,1005,1093,1182,1334,1458,1549,1712,1803,1946,2077,2182,2240,2317,2444,2514,2634,2716,2809,2904,2989,3065,3118,3184,3258,3327,3409,3529,3567,3622,3730,3839,3881,3912,3948,3958,3980,4029,4072,4099,4133,4144,4153,4170,4196,4245,4256,4286,4313,4327,4337,4348,4357,4366,4374,4379,4386,4396,4407,4413,4440,4448,4458,4467,4469,4479,4481,4482,4490,4494,4498,4498,4499,4503,4507,4511,4511,4512,4512,4512,4513,4515,4515,4515,4516,4516,4516,4519,4520,4525,4527,4527,4529,4529,4530,4531,4531,4531,2241,2173,2159,2154,2152,2143,2142,2123,2108,2082,2082,2084,2076,2076,2056,2052,2051,2051,2053,2054,2056,2054,2049,2032,2014,1991,1984,1984,1985,1985,1988,1990,1991,1992,1994,1994,1995,1919,1892,1844,1805,1806,1818,1823,1836,1838,1835,1844,1847,1850,1853,1869,1876,1884,1887,1902,1913,1921,1940,1957,1964,1981,2004,2008,2015,2017,2029,2050,2062,2070,2083,2097,2116,2126,2139,2134,2148,2151,2160,2179,2191,2207,2227,2234,2238,2253,7231,7304,7394,7445,7521,7611,7687,7786,7900,7972,8083,8083,8317,8423,8619,8867,9116,9300,9512,9669,9849,10164,10421,10734,11084,11385,11706,12001,12325,12810,13400,14031,14546,14970,15581,16353,17069,17860,18622,19302,19928,21091,22085,22935,23881,24935,25701,26431,27676,29008,30442,31792,33533,34438,35482,36716,38084,39347,39347,42180,43507,44487,46054,47565,49001,50738,52311,53218,54320,55979,57647,59249,60668,62552,64341,65342,66257,67174,68506,70319,71797,72972,73628,74651,76039,77112,78426,79808,80599,81387,82263,83205,84663,85674,86218,86439,87084,87833,89303,90964,92359,92703,93653,94284,95365,96946,97603,98952,100451,101613,102235,103496,104578,106102,107397,108520,109428,109831,110681,111840,113115,114133,115156,116110,116511,117506,118739,119898,120967,121838,122907,123286,124165,125209,126184,127399,128325,129090,129467,130148,131211
IT.SC,Sardegna,0,0,0,0,0,0,0,0,1,2,2,5,5,11,19,20,37,39,43,47,77,107,117,134,206,293,330,339,359,421,442,494,530,624,638,682,722,745,794,825,874,907,922,935,975,1026,1063,1091,1113,1128,1138,1161,1164,1178,1198,1215,1228,1236,1247,1254,1257,1271,1280,1283,1285,1290,1295,1313,1315,1319,1317,1318,1319,1324,1330,1334,1340,1343,1344,1345,1345,1348,1352,1353,1353,1354,1355,1356,1356,1356,1356,1354,1354,1355,1355,1356,1356,1356,1357,1357,1357,1357,1359,1362,1362,1362,1361,1361,1362,1363,1363,1363,1363,1365,1366,1367,1368,1369,1369,1369,1360,1361,1362,1362,1363,1364,1360,1360,1360,1360,1360,1360,1360,1360,1360,1360,1360,1360,1360,1360,1360,1361,1361,1362,1362,1363,1363,1363,1363,1363,1364,1364,1364,1364,1364,1365,1365,1365,1365,1366,1369,1370,1370,1374,1374,1374,1374,1375,1375,1377,1377,1379,1381,1381,1382,1385,1390,1398,1409,1436,1472,1515,1531,1533,1537,1548,1555,1560,1563,1574,1580,1588,1595,1601,1613,1617,1628,1633,1644,1658,1677,1698,1710,1718,1721,1728,1735,1750,1757,1776,1787,1809,3405,3471,3528,3591,3730,3767,3849,3900,3996,4056,4118,4118,4317,4380,4481,4608,4742,4866,5009,5138,5295,5417,5603,5736,5866,6096,6255,6476,6643,6886,7235,7564,7759,7990,8164,8526,8808,9106,9431,9830,10154,10456,10640,11053,11412,11837,12261,12588,13077,13493,13794,14417,14813,15183,15594,16096,16518,16997,16997,18089,18493,18998,19288,19639,20044,20419,20730,21146,21475,21895,22340,22878,23429,23893,24186,24552,24778,25031,25279,25477,25645,26278,26506,26737,27142,27410,27695,28075,28386,28683,28867,29136,29467,29876,30049,30145,30301,30417,30745,31113,31478,31667,31861,32038,32270,32605,32945,33188,33493,33794,34025,34436,34669,34944,35204,35572,35774,35910,36019,36235,36473,36685,36876,37051,37258,37396,37647,37884,38141,38370,38537,38660,38731,38874,39079,39248,39373,39527,39583,39664,39825
IT.TT,Sicilia,0,3,3,4,4,4,9,7,7,18,18,24,35,53,54,62,83,115,130,156,188,213,237,282,340,408,490,630,721,846,994,1164,1250,1359,1460,1555,1647,1718,1791,1859,1932,1994,2046,2097,2159,2232,2302,2364,2416,2458,2501,2535,2579,2625,2672,2717,2759,2835,2883,2926,2981,3020,3055,3085,3120,3140,3166,3194,3213,3240,3255,3267,3281,3288,3301,3313,3327,3339,3343,3354,3366,3374,3382,3388,3395,3403,3411,3417,3421,3421,3423,3427,3430,3435,3438,3440,3442,3443,3443,3447,3447,3447,3448,3450,3451,3452,3454,3455,3455,3455,3456,3457,3458,3460,3462,3464,3070,3070,3072,3072,3073,3074,3076,3076,3077,3077,2748,2749,2749,2749,2749,2749,2749,2749,2749,2749,2749,2749,2749,2749,2749,2753,2753,2753,2753,2753,2753,2753,2753,2758,2762,2765,2770,2776,2777,2782,2787,2798,2809,2816,2822,2824,2832,2840,2853,2866,2885,2896,2910,2927,2939,2956,2964,2979,2986,2991,2997,3009,3024,3034,3049,3060,3063,3070,3077,3102,3125,3137,3152,3162,3176,3208,3235,3263,3314,3330,3349,3389,3416,3457,3501,3535,3556,3593,3640,3690,3750,3859,3929,4002,4027,4087,6234,6359,6466,6576,6683,6785,6948,7118,7274,7414,7596,7596,7809,8007,8220,8479,8712,8997,9294,9592,9926,10292,10691,11269,11744,12292,12654,13228,13790,14586,15316,16202,16897,17465,18325,19033,19822,20806,21758,22853,23877,24925,26080,27402,28825,30188,31271,32294,33495,34982,36674,38381,40110,41532,42993,44691,46528,48399,48399,51871,53129,54378,55684,57001,58769,60335,61524,62548,63686,65085,66568,67862,69227,70467,71489,72407,73555,74308,75367,76366,77382,78190,79104,80191,81256,82128,82859,83737,84529,85198,86092,87024,87877,88597,88934,89616,90266,91261,92345,93644,94766,95500,96547,97938,99514,101206,102641,104483,106322,108055,109642,111555,113524,115391,117336,119290,120729,122007,123648,125134,126364,127719,128877,129752,130637,131607,132603,133597,134541,135387,136103,136869,137853,138739,139528,140144,140980,141554,142032,142776,143471
IT.TC,Toscana,0,2,2,2,8,11,13,13,19,38,61,79,113,166,208,264,320,364,470,630,781,866,1053,1330,1482,1793,2012,2277,2461,2699,2972,3226,3450,3817,4122,4412,4608,4867,5273,5499,5671,5847,6001,6173,6379,6552,6727,6958,7235,7390,7527,7666,7943,8110,8237,8372,8507,8603,8700,8780,8877,9015,9147,9179,9231,9292,9352,9445,9525,9563,9601,9631,9657,9683,9721,9745,9774,9787,9802,9829,9859,9883,9913,9948,9961,9968,9982,10000,10035,10047,10062,10067,10070,10082,10086,10088,10100,10104,10107,10117,10121,10122,10129,10134,10135,10144,10145,10148,10158,10165,10172,10180,10188,10191,10193,10195,10205,10207,10210,10211,10217,10222,10224,10226,10238,10243,10049,10032,10036,10040,10049,10058,10065,10067,10086,10092,10093,10095,10100,10101,10105,10107,10114,10125,10130,10132,10147,10148,10157,10162,10166,10176,10186,10201,10207,10210,10225,10236,10250,10255,10263,10270,10278,10282,10287,10292,10311,10370,10377,10397,10402,10407,10412,10419,10429,10434,10449,10460,10476,10501,10520,10537,10560,10574,10595,10608,10625,10650,10695,10715,10726,10743,10771,10796,10824,10869,10896,10918,10939,10971,11027,11095,11112,11136,11151,11177,11228,11271,11342,11394,11423,11457,14060,14216,14355,14465,14566,14651,14707,14827,14971,15194,15391,15391,15764,15973,16273,16612,17095,17643,18160,18626,19106,19681,20262,21017,21896,22802,23788,24600,25466,26611,27901,29427,31290,33461,35284,36992,38958,41723,44263,46642,48651,50987,52815,55088,57680,60467,62946,65190,67413,69920,71852,74330,76750,79403,81836,84197,86705,88677,88677,92776,94705,96028,96990,97976,99327,100444,101640,102548,103441,104099,104875,105804,106875,107644,108397,108990,109418,109923,110440,111097,111671,112344,112789,113121,113610,114246,114760,115300,115783,116235,116544,116979,117542,118155,118557,118784,118965,119236,119696,120328,120917,121415,121770,122083,122420,122831,123498,123950,124479,124951,125330,125633,126140,126564,127010,127446,127852,128197,128438,128881,129384,129813,130333,130859,131281,131627,132129,132749,133343,133946,134456,134829,135228,135779,136539,137242,137950,138618,139141,139594,140265
IT.UM,Umbria,0,0,0,0,0,0,2,2,8,9,9,16,24,26,28,37,46,64,76,107,143,164,197,247,334,395,462,521,577,648,710,802,884,969,1023,1051,1078,1095,1128,1179,1210,1239,1253,1263,1289,1298,1302,1309,1319,1320,1321,1322,1329,1337,1344,1348,1349,1353,1357,1362,1363,1366,1368,1370,1379,1391,1392,1393,1394,1394,1394,1400,1404,1405,1406,1407,1411,1412,1419,1419,1420,1422,1422,1424,1424,1427,1427,1429,1429,1430,1430,1430,1431,1431,1431,1431,1431,1431,1431,1431,1431,1431,1431,1431,1432,1432,1435,1436,1436,1436,1436,1436,1436,1437,1437,1437,1438,1438,1438,1438,1438,1439,1439,1440,1440,1440,1428,1428,1428,1431,1432,1433,1433,1433,1433,1433,1433,1434,1433,1434,1434,1434,1435,1435,1436,1437,1437,1437,1439,1441,1443,1444,1444,1444,1444,1444,1444,1444,1445,1450,1451,1451,1451,1452,1455,1455,1456,1457,1457,1458,1459,1464,1467,1470,1471,1471,1479,1481,1488,1491,1494,1499,1503,1505,1512,1514,1515,1516,1518,1518,1518,1523,1526,1529,1535,1536,1537,1538,1545,1549,1559,1564,1568,1574,1581,1583,1585,1592,1601,1607,1612,1616,2266,2295,2318,2353,2374,2385,2408,2454,2500,2562,2604,2604,2695,2757,2822,2906,3057,3189,3324,3472,3608,3749,4012,4210,4415,4742,4909,5103,5453,5860,6307,6832,7295,7558,7872,8273,8967,9696,10179,10947,11140,11560,12056,12824,13591,14279,14939,15253,15738,16253,17036,17640,18219,18876,19159,19510,20011,20567,20567,21369,21769,21874,22092,22478,22821,23082,23430,23740,23808,23952,24230,24516,24684,24910,25144,25209,25344,25433,25615,25834,26045,26190,26239,26418,26587,26767,26909,27128,27241,27282,27396,27553,27745,27977,28028,28064,28152,28313,28660,28960,29188,29238,29440,29494,29728,30075,30139,30354,30649,30906,30955,31160,31467,31677,31909,32150,32303,32397,32622,32899,33185,33490,33822,34069,34135,34410,34825,35194,35529,35757,36051,36194,36477,36935,37308,37751,38102,38484,38674,39049,39464
IT.VD,Valle d'Aosta,0,0,0,0,0,0,0,0,0,0,2,7,8,9,15,17,20,27,28,42,57,105,136,165,215,264,313,364,393,400,401,408,452,511,584,584,628,631,668,719,748,782,805,835,850,868,879,902,921,927,947,958,971,993,1073,1088,1088,1093,1095,1096,1100,1100,1106,1111,1119,1124,1128,1133,1136,1142,1143,1143,1146,1150,1151,1152,1157,1158,1160,1163,1166,1172,1173,1173,1174,1175,1175,1176,1177,1177,1178,1179,1181,1181,1182,1182,1183,1184,1187,1187,1187,1187,1187,1189,1191,1191,1191,1191,1191,1191,1191,1191,1191,1191,1191,1191,1191,1193,1193,1193,1193,1194,1194,1194,1194,1194,1083,1083,1083,1081,1082,1082,1082,1082,1082,1082,1079,1079,1079,1079,1079,1079,1079,1079,1079,1079,1079,1079,1079,1079,1079,1079,1079,1079,1079,1088,1090,1090,1090,1090,1074,1074,1091,1091,1092,1096,1098,1098,1099,1099,1099,1099,1099,1099,1099,1100,1100,1102,1103,1103,1103,1103,1103,1104,1104,1105,1106,1108,1108,1115,1115,1117,1119,1119,1119,1119,1119,1123,1123,1123,1126,1127,1129,1132,1135,1137,1138,1146,1146,1149,1151,1152,1284,1287,1288,1299,1299,1300,1308,1314,1315,1326,1326,1326,1346,1351,1366,1384,1402,1446,1464,1496,1529,1566,1633,1660,1738,1811,1946,2021,2132,2219,2316,2428,2525,2669,2726,2803,2981,3136,3240,3375,3497,3591,3720,3834,3963,4080,4135,4336,4463,4588,4755,4858,5103,5246,5345,5499,5586,5677,5677,5923,6022,6099,6172,6199,6243,6344,6416,6463,6510,6535,6577,6619,6646,6692,6726,6748,6766,6783,6801,6812,6837,6871,6885,6905,6943,6962,6986,7009,7031,7040,7073,7084,7119,7130,7154,7181,7242,7230,7244,7273,7290,7297,7332,7359,7380,7406,7439,7464,7486,7505,7532,7546,7565,7581,7601,7621,7639,7650,7684,7698,7696,7715,7720,7737,7745,7747,7764,7772,7780,7781,7797,7800,7804,7815,7826,7834,7842,7843,7856,7870,7877
IT.VN,Veneto,33,43,71,111,151,191,263,273,307,360,407,488,543,670,744,856,1023,1384,1595,1937,2172,2473,2704,3214,3484,4031,4617,5122,5505,5948,6442,6935,7497,7930,8358,8724,9155,9625,10111,10464,10824,11226,11588,11925,12410,12933,13421,13768,14077,14251,14432,14624,14990,15374,15692,15935,16127,16404,16738,16881,17229,17391,17471,17579,17708,17825,17960,18098,18224,18318,18373,18402,18479,18553,18618,18671,18722,18741,18782,18813,18845,18889,18928,18941,18950,18997,19030,19038,19059,19069,19086,19097,19105,19113,19125,19134,19146,19152,19154,19162,19164,19168,19174,19182,19183,19187,19191,19194,19199,19199,19212,19219,19220,19221,19225,19233,19235,19238,19245,19247,19250,19253,19257,19262,19264,19275,19257,19259,19259,19262,19263,19265,19268,19268,19269,19270,19274,19278,19279,19282,19282,19287,19289,19297,19301,19307,19315,19317,19335,19338,19340,19349,19355,19356,19360,19368,19379,19385,19407,19420,19433,19436,19446,19465,19484,19503,19517,19536,19543,19561,19579,19612,19639,19673,19693,19699,19716,19745,19765,19793,19821,19837,19852,19873,19902,19921,19941,19956,19964,19971,19989,20015,20028,20066,20083,20096,20109,20121,20140,20166,20237,20273,20314,20329,20368,20393,20476,20564,20627,20655,20693,20745,26154,26402,26598,26814,26973,27156,27296,27451,27896,28087,28363,28363,28854,29043,29418,29909,30504,31065,31503,31831,32316,32973,33573,34277,35051,35851,36353,36843,38265,39590,41140,42869,44337,45466,46992,49135,51244,54256,56953,59253,60797,63095,65531,68795,72092,75907,79269,81492,84255,87337,90901,94506,98084,100876,102842,105966,108938,112691,112691,119726,122682,125222,127416,130076,134056,137474,140972,143589,145592,148127,150909,154490,158198,161805,165249,167799,170944,173371,177568,181451,186549,190641,193470,196790,200607,205009,209220,213054,216923,219506,222588,225945,229782,234792,237315,240652,243434,246089,249075,253875,258680,261845,265264,266946,270097,273735,277331,280719,283819,285986,287701,289835,291719,293795,294874,296803,298172,299170,300127,301486,302489,303687,304717,305673,306206,306952,309337,309909,310894,311686,312185,312695,313316,313945,314841,315509,316340,316836,317278,317979,318807
