id,hasc,County,2020-03-21,2020-03-22,2020-03-23,2020-03-24,2020-03-25,2020-03-26,2020-03-27,2020-03-28,2020-03-29,2020-03-30,2020-03-31,2020-04-01,2020-04-02,2020-04-03,2020-04-04,2020-04-05,2020-04-06,2020-04-07,2020-04-08,2020-04-09,2020-04-10,2020-04-11,2020-04-12,2020-04-13,2020-04-14,2020-04-15,2020-04-16,2020-04-17,2020-04-18,2020-04-19,2020-04-20,2020-04-21,2020-04-22,2020-04-23,2020-04-24,2020-04-25,2020-04-26,2020-04-27,2020-04-28,2020-04-29,2020-04-30,2020-05-01,2020-05-02,2020-05-03,2020-05-04,2020-05-05,2020-05-06,2020-05-07,2020-05-08,2020-05-09,2020-05-10,2020-05-11,2020-05-12,2020-05-13,2020-05-14,2020-05-15,2020-05-16,2020-05-17,2020-05-18,2020-05-19,2020-05-20,2020-05-21,2020-05-22,2020-05-23,2020-05-24,2020-05-25,2020-05-26,2020-05-27,2020-05-28,2020-05-29,2020-05-30,2020-05-31,2020-06-01,2020-06-02,2020-06-03,2020-06-04,2020-06-05,2020-06-06,2020-06-07,2020-06-08,2020-06-09,2020-06-10,2020-06-11,2020-06-12,2020-06-13,2020-06-14,2020-06-15,2020-06-16,2020-06-17,2020-06-18,2020-06-19,2020-06-20,2020-06-21,2020-06-22,2020-06-23,2020-06-24,2020-06-25,2020-06-26,2020-06-27,2020-06-28,2020-06-29,2020-06-30,2020-07-01,2020-07-02,2020-07-03,2020-07-04,2020-07-05,2020-07-06,2020-07-07,2020-07-08,2020-07-09,2020-07-10,2020-07-11,2020-07-12,2020-07-13,2020-07-14,2020-07-15,2020-07-16,2020-07-17,2020-07-18,2020-07-19,2020-07-20,2020-07-21,2020-07-22,2020-07-23,2020-07-24,2020-07-25,2020-07-26,2020-07-27,2020-07-28,2020-07-29,2020-07-30,2020-07-31,2020-08-01,2020-08-02,2020-08-03,2020-08-04,2020-08-05,2020-08-06,2020-08-07,2020-08-08,2020-08-09,2020-08-10,2020-08-11,2020-08-12,2020-08-13,2020-08-14,2020-08-15,2020-08-16,2020-08-17,2020-08-18,2020-08-19,2020-08-20,2020-08-21,2020-08-22,2020-08-23,2020-08-24,2020-08-25,2020-08-26,2020-08-27,2020-08-28,2020-08-29,2020-08-30,2020-08-31,2020-09-01,2020-09-02,2020-09-03,2020-09-04,2020-09-05,2020-09-06,2020-09-07,2020-09-08,2020-09-09,2020-09-10,2020-09-11,2020-09-12,2020-09-13,2020-09-14,2020-09-15,2020-09-16,2020-09-17,2020-09-18,2020-09-19,2020-09-20,2020-09-21,2020-09-22,2020-09-23,2020-09-24,2020-09-25,2020-09-26,2020-09-27,2020-09-28,2020-09-29,2020-09-30,2020-10-01,2020-10-02,2020-10-03,2020-10-04,2020-10-05,2020-10-06,2020-10-07,2020-10-08,2020-10-09,2020-10-10,2020-10-11,2020-10-12,2020-10-13,2020-10-14,2020-10-15,2020-10-16,2020-10-17,2020-10-18,2020-10-19,2020-10-20,2020-10-21,2020-10-22,2020-10-23,2020-10-24,2020-10-25,2020-10-26,2020-10-27,2020-10-28,2020-10-29,2020-10-30,2020-10-31,2020-11-01,2020-11-02,2020-11-03,2020-11-04,2020-11-05,2020-11-06,2020-11-07,2020-11-08,2020-11-09,2020-11-10,2020-11-11,2020-11-12,2020-11-13,2020-11-14,2020-11-15,2020-11-16,2020-11-17,2020-11-18,2020-11-19,2020-11-20,2020-11-21,2020-11-22,2020-11-23,2020-11-24,2020-11-25,2020-11-26,2020-11-27,2020-11-28,2020-11-29,2020-11-30,2020-12-01,2020-12-02,2020-12-03,2020-12-04,2020-12-05,2020-12-06,2020-12-07,2020-12-08,2020-12-09,2020-12-10,2020-12-11,2020-12-12,2020-12-13,2020-12-14,2020-12-15,2020-12-16,2020-12-17,2020-12-18,2020-12-19,2020-12-20,2020-12-21,2020-12-22,2020-12-23,2020-12-24,2020-12-25,2020-12-26,2020-12-27,2020-12-28,2020-12-29,2020-12-30,2020-12-31,2021-01-01,2021-01-02,2021-01-03,2021-01-04,2021-01-05,2021-01-06,2021-01-07,2021-01-08,2021-01-09,2021-01-10,2021-01-11,2021-01-12,2021-01-13,2021-01-14,2021-01-15,2021-01-16,2021-01-17,2021-01-18,2021-01-19,2021-01-20,2021-01-21,2021-01-22,2021-01-23,2021-01-24,2021-01-25,2021-01-26,2021-01-27,2021-01-28,2021-01-29,2021-01-30,2021-01-31,2021-02-01,2021-02-02,2021-02-03,2021-02-04,2021-02-05,2021-02-06,2021-02-07,2021-02-08,2021-02-09,2021-02-10,2021-02-11,2021-02-12,2021-02-13,2021-02-14,2021-02-15,2021-02-16,2021-02-17,2021-02-18,2021-02-19,2021-02-20,2021-02-21,2021-02-22,2021-02-23,2021-02-24,2021-02-25,2021-02-26,2021-02-27,2021-02-28,2021-03-01,2021-03-02,2021-03-03,2021-03-04,2021-03-05,2021-03-06,2021-03-07,2021-03-08,2021-03-09,2021-03-10,2021-03-11,2021-03-12,2021-03-13,2021-03-14,2021-03-15,2021-03-16,2021-03-17,2021-03-18,2021-03-19,2021-03-20,2021-03-21,2021-03-22,2021-03-23,2021-03-24,2021-03-25,2021-03-26,2021-03-27,2021-03-28,2021-03-29,2021-03-30,2021-03-31,2021-04-01
89196,HR.BB,Bjelovarsko-Bilogorska,0,0,1,2,2,2,3,5,5,5,5,7,7,8,8,9,9,9,10,11,11,11,11,11,11,12,12,12,12,12,12,12,12,12,12,12,12,12,12,12,12,12,12,12,12,12,12,12,12,12,12,12,12,12,12,12,12,12,12,12,12,12,12,12,12,12,12,12,12,12,12,12,12,12,12,12,12,12,12,12,12,12,12,12,12,12,12,12,12,12,12,12,12,13,13,13,13,13,13,13,13,13,14,14,16,16,16,16,16,16,16,16,16,16,16,16,17,17,17,17,17,17,17,19,21,21,22,28,30,31,31,34,34,37,37,37,38,39,39,39,39,39,39,39,39,39,39,42,42,42,44,47,48,48,50,50,51,52,55,55,56,60,60,60,61,64,69,77,112,114,114,120,125,141,142,151,160,161,162,174,175,183,192,205,206,213,216,221,224,232,236,238,239,250,259,268,272,279,280,288,291,305,318,327,348,349,354,363,376,389,415,433,443,456,492,511,560,604,681,750,759,794,832,879,929,1004,1052,1061,1080,1108,1145,1170,1204,1269,1276,1310,1336,1429,1459,1510,1539,1558,1606,1694,1723,1752,1824,1901,1937,1951,2028,2136,2202,2264,2337,2386,2487,2586,2586,2747,2855,2957,2969,3068,3167,3325,3436,3587,3681,3716,3811,3900,3999,4135,4245,4315,4356,4451,4508,4638,4659,4663,4666,4690,4707,4792,4858,4866,4877,4922,4948,4984,5036,5063,5095,5139,5143,5152,5178,5240,5271,5293,5311,5314,5322,5331,5349,5367,5379,5385,5405,5413,5434,5452,5464,5483,5498,5500,5505,5527,5537,5545,5557,5563,5565,5567,5578,5584,5589,5591,5597,5600,5600,5610,5614,5621,5627,5628,5629,5629,5634,5638,5642,5644,5644,5646,5649,5661,5663,5664,5669,5672,5672,5677,5684,5692,5701,5706,5709,5710,5713,5731,5748,5758,5776,5785,5787,5789,5830,5846,5872,5895,5912,5916,5931,6004,6056
89197,HR.SP,Brodsko-Posavska,1,1,1,2,2,2,3,3,3,4,8,11,11,13,14,15,16,17,18,18,18,18,18,18,18,18,20,21,21,21,21,21,22,22,22,22,22,22,22,22,22,22,22,22,22,22,22,22,23,28,29,31,32,32,34,34,34,34,35,39,39,39,43,43,43,43,43,43,44,44,44,44,44,44,44,44,44,44,44,44,44,44,44,44,44,44,44,44,44,44,44,45,45,45,46,46,47,48,48,49,49,53,53,56,61,69,72,78,83,90,102,107,118,120,124,126,130,138,138,144,147,147,147,149,154,154,154,154,154,154,157,157,160,162,165,165,166,167,167,175,180,181,186,187,191,195,200,210,212,219,230,235,246,265,272,291,302,322,333,352,368,375,381,394,395,403,409,425,431,443,456,460,472,485,494,509,516,531,532,545,559,578,587,595,605,606,612,615,618,622,625,630,631,633,638,641,644,648,650,653,654,662,666,667,679,684,691,696,704,711,732,738,765,775,808,832,863,900,945,1021,1068,1124,1189,1345,1465,1547,1637,1657,1725,1886,2021,2111,2186,2283,2315,2404,2542,2627,2715,2835,2891,2919,2993,3157,3273,3326,3448,3597,3649,3731,3871,4018,4173,4297,4380,4416,4472,4660,4660,4901,5074,5149,5222,5275,5416,5614,5768,5868,5969,5999,6063,6238,6305,6390,6463,6511,6523,6601,6671,6724,6777,6797,6806,6838,6885,7020,7051,7107,7126,7154,7196,7218,7294,7311,7334,7417,7423,7440,7468,7519,7551,7594,7605,7619,7645,7684,7695,7728,7763,7779,7789,7797,7809,7845,7880,7901,7918,7925,7931,7966,7987,8006,8021,8038,8039,8046,8062,8071,8089,8104,8122,8124,8129,8163,8189,8218,8243,8255,8258,8274,8310,8331,8358,8382,8410,8414,8420,8440,8479,8512,8533,8544,8548,8560,8577,8593,8615,8634,8659,8662,8668,8705,8723,8762,8772,8821,8830,8834,8864,8905,8944,8978,9008,9029,9056,9073,9148
89198,HR.DN,Dubrovačko-Neretvanska,14,14,14,19,21,22,23,28,29,30,32,43,43,55,59,62,63,63,63,65,69,71,86,93,95,96,96,96,96,105,105,105,105,105,105,105,105,105,106,108,108,108,108,108,108,108,111,111,114,114,114,114,114,114,114,114,114,114,114,114,114,114,114,114,114,114,114,114,114,114,114,114,114,114,114,114,114,114,114,114,114,114,114,114,114,114,114,114,114,114,115,114,115,116,118,118,118,118,118,119,119,121,122,123,125,126,127,138,139,141,147,149,151,151,154,154,158,161,161,171,172,172,172,174,175,175,176,177,177,179,179,183,184,184,184,186,187,187,187,190,191,193,194,194,196,199,203,211,214,214,219,227,233,240,252,260,265,275,283,289,293,311,328,332,344,360,380,404,424,449,457,476,502,518,525,543,555,556,564,575,587,593,605,607,607,618,621,626,635,644,652,652,656,660,673,692,699,704,706,730,757,780,795,812,816,817,829,850,872,891,932,955,960,987,1019,1065,1095,1146,1187,1193,1265,1331,1447,1513,1573,1629,1650,1702,1760,1832,1886,1940,1987,2030,2074,2168,2215,2314,2383,2410,2415,2471,2550,2586,2641,2719,2796,2806,2845,2919,3002,3054,3129,3168,3206,3241,3280,3326,3326,3418,3447,3456,3507,3555,3620,3675,3735,3761,3764,3788,3820,3859,3878,3914,3937,3941,3967,3993,4015,4035,4035,4047,4052,4074,4107,4123,4140,4142,4152,4154,4161,4193,4195,4219,4243,4258,4262,4272,4308,4330,4350,4364,4364,4383,4394,4414,4427,4441,4448,4462,4465,4466,4508,4527,4545,4564,4574,4577,4596,4607,4636,4652,4675,4684,4685,4696,4708,4726,4747,4764,4775,4777,4806,4831,4847,4867,4907,4947,4951,4991,5048,5095,5152,5200,5250,5256,5305,5363,5437,5487,5537,5575,5581,5620,5678,5735,5780,5813,5849,5852,5906,5961,6016,6058,6121,6156,6159,6227,6305,6373,6419,6469,6513,6515,6591,6706,6775
89199,HR.GZ,Grad Zagreb,85,121,121,177,202,225,268,286,304,332,362,269,279,298,312,331,346,360,370,382,393,400,408,413,418,421,437,439,446,449,450,454,457,457,459,462,462,463,464,464,466,466,466,468,468,471,473,472,472,472,472,472,472,473,476,476,477,477,478,478,478,478,478,478,478,478,478,478,478,478,478,478,478,478,478,478,478,478,478,478,478,479,479,479,480,481,483,483,483,487,491,498,508,517,529,540,565,588,630,654,671,692,705,726,761,785,797,808,818,829,854,893,919,933,945,957,977,1001,1001,1036,1043,1043,1043,1068,1085,1085,1130,1135,1137,1151,1164,1174,1185,1221,1221,1227,1231,1238,1243,1254,1281,1286,1303,1342,1387,1436,1494,1522,1578,1608,1650,1692,1758,1811,1873,1921,1953,1997,2055,2133,2221,2284,2328,2374,2403,2462,2552,2609,2641,2684,2711,2741,2795,2856,2892,2940,2974,2988,3014,3047,3096,3132,3168,3211,3220,3239,3270,3312,3343,3368,3405,3419,3448,3496,3542,3615,3674,3730,3770,3830,3900,4022,4149,4348,4493,4575,4698,4904,5116,5460,5710,6027,6166,6421,6923,7388,7980,8661,9418,9662,9942,10641,11346,12089,12870,13554,13876,14157,14834,15484,16148,16723,17184,17500,17868,18489,19194,19847,20401,20764,21055,21476,22080,22689,23313,24135,24695,25038,25483,26078,26689,27296,27943,28292,28528,29034,29673,30342,30342,31757,32141,32376,32764,33531,34167,34819,35477,35866,36097,36514,36978,37537,38031,38515,38741,38855,39066,39422,39747,40064,40095,40167,40219,40427,40634,41014,41260,41272,41388,41435,41568,41817,41947,42123,42314,42392,42440,42549,42690,42811,42927,43041,43098,43124,43220,43398,43538,43645,43737,43810,43844,43894,44032,44151,44238,44318,44365,44379,44451,44555,44637,44720,44773,44807,44818,44861,44949,44995,45053,45105,45129,45141,45190,45264,45316,45390,45468,45508,45521,45580,45695,45773,45841,45919,45944,45961,46007,46101,46172,46241,46335,46386,46405,46483,46601,46731,46859,46977,47064,47080,47163,47385,47541,47705,47900,48025,48058,48213,48560,48838,49129,49446,49669,49728,49985,50436,50898
89200,HR.IS,Istarska,25,26,26,34,37,40,49,60,65,68,68,71,73,73,73,75,75,76,79,80,81,83,83,84,85,86,88,89,89,90,90,90,90,90,90,90,90,90,90,90,90,90,90,90,90,90,90,90,90,90,90,90,91,92,92,92,92,92,92,92,92,92,92,92,92,92,92,92,92,92,92,92,92,92,92,92,92,92,92,92,92,92,92,92,92,92,92,92,92,94,94,94,94,94,95,97,99,99,99,99,101,101,101,101,102,102,103,103,103,104,105,105,105,105,105,111,147,148,148,164,173,173,173,204,214,214,234,245,245,248,255,256,259,263,263,263,265,265,266,267,268,268,268,269,272,274,277,278,279,283,290,294,321,330,337,339,341,352,361,366,376,381,382,385,388,399,404,407,414,420,423,431,435,446,447,450,453,454,456,456,459,459,459,460,460,461,462,469,470,471,471,471,474,476,478,479,481,483,484,484,487,489,490,493,496,497,498,504,513,517,532,539,544,558,587,637,701,746,810,817,868,928,979,1027,1066,1104,1114,1164,1225,1309,1404,1477,1557,1625,1689,1764,1841,1924,2005,2090,2167,2236,2318,2397,2475,2557,2637,2692,2782,2875,3047,3084,3202,3285,3362,3441,3532,3621,3621,3798,3886,3970,4056,4146,4242,4344,4436,4522,4588,4675,4770,4863,4937,5023,5045,5051,5118,5208,5266,5333,5358,5365,5367,5413,5484,5527,5575,5576,5589,5589,5657,5707,5710,5751,5805,5811,5813,5856,5891,5907,5924,5939,5942,5944,5960,5972,5983,5990,6003,6007,6007,6014,6030,6043,6050,6058,6059,6059,6066,6074,6082,6088,6097,6099,6100,6107,6119,6121,6127,6127,6128,6129,6133,6136,6139,6146,6155,6160,6163,6167,6174,6179,6185,6189,6191,6193,6202,6206,6213,6214,6220,6222,6224,6230,6250,6264,6274,6291,6297,6301,6320,6341,6350,6359,6367,6372,6373,6391,6403,6418,6437,6459,6473,6477,6494,6510,6530
89201,HR.KA,Karlovačka,12,12,12,16,18,18,18,18,20,20,20,20,20,21,21,21,21,22,23,23,24,26,28,28,28,28,28,28,28,28,28,29,29,29,29,29,30,30,30,30,30,30,30,30,30,30,30,30,30,30,30,30,30,30,30,30,31,31,31,31,31,31,31,31,31,31,31,31,31,31,31,31,31,31,31,31,31,31,31,31,31,31,31,31,31,31,31,31,31,31,31,31,31,31,31,31,31,31,31,32,36,38,41,44,44,50,50,50,51,52,57,59,63,65,66,68,80,81,81,84,84,84,84,90,91,91,94,94,94,94,94,95,95,98,98,100,100,103,104,104,104,106,107,108,110,115,119,128,129,129,135,149,155,156,159,162,163,166,167,169,171,173,174,174,174,176,178,185,189,191,191,200,204,209,211,218,218,218,221,230,247,249,259,278,281,293,298,318,333,339,343,344,348,352,365,371,377,385,386,386,405,417,432,448,472,474,482,511,548,592,612,659,661,672,705,732,769,816,937,949,991,1038,1119,1187,1237,1272,1277,1323,1383,1434,1507,1547,1602,1614,1658,1724,1774,1826,1908,1989,1997,2036,2124,2160,2231,2311,2366,2383,2473,2568,2725,2896,3028,3159,3197,3291,3430,3587,3587,3828,3929,3953,4081,4177,4299,4431,4518,4615,4659,4762,4846,4949,5078,5181,5217,5242,5310,5393,5495,5519,5525,5543,5550,5628,5730,5792,5819,5829,5838,5841,5883,5944,5949,5994,6045,6047,6059,6097,6137,6152,6169,6189,6191,6191,6208,6232,6251,6265,6275,6278,6280,6298,6327,6340,6352,6371,6372,6372,6379,6397,6416,6424,6439,6439,6439,6453,6479,6489,6503,6525,6527,6527,6546,6568,6583,6600,6613,6615,6615,6626,6655,6679,6705,6721,6726,6726,6754,6797,6842,6871,6891,6894,6894,6913,6944,6977,7020,7059,7065,7068,7102,7172,7248,7305,7359,7365,7367,7411,7489,7570,7670,7783,7798,7799,7881,7975,8041
89202,HR.KK,Koprivničko-Križevačka,1,1,1,1,1,1,1,2,3,3,4,12,12,16,16,16,16,19,20,21,23,23,24,25,25,28,28,28,28,32,32,33,49,49,60,60,63,65,68,69,69,69,69,69,70,71,72,74,75,83,83,83,87,87,87,88,88,89,89,89,90,92,92,92,92,92,92,92,92,92,92,92,92,92,92,94,94,94,94,94,94,94,94,94,94,94,94,94,94,94,94,94,94,95,95,95,95,97,97,98,98,98,98,98,98,98,98,98,98,98,98,98,98,98,98,98,99,99,99,100,101,101,101,104,104,104,104,104,104,104,104,104,104,104,104,104,104,104,104,104,104,105,105,106,106,106,107,107,107,107,107,110,113,114,121,124,124,126,132,134,138,138,141,141,145,150,153,156,167,170,170,175,184,187,190,193,194,194,194,196,196,199,201,202,202,203,203,206,208,212,218,218,221,224,230,233,233,245,246,249,249,250,254,259,264,264,268,276,288,299,307,315,317,322,365,383,394,440,452,458,473,554,597,605,687,699,723,759,812,834,896,952,1020,1025,1051,1104,1197,1285,1363,1440,1448,1514,1622,1701,1771,1924,2050,2053,2137,2321,2471,2613,2741,2789,2802,2826,3061,3281,3281,3620,3649,3652,3733,3857,4095,4267,4391,4431,4434,4517,4581,4762,4854,4940,4969,4974,4984,5107,5186,5218,5218,5227,5227,5252,5317,5364,5389,5392,5399,5399,5421,5487,5489,5508,5534,5560,5562,5583,5605,5633,5654,5677,5681,5681,5698,5734,5757,5768,5792,5800,5800,5810,5843,5857,5875,5889,5899,5899,5912,5930,5956,5965,5983,5987,5987,5990,6008,6013,6017,6031,6033,6034,6038,6052,6068,6071,6081,6084,6085,6093,6106,6119,6130,6143,6147,6147,6151,6157,6174,6176,6186,6189,6190,6190,6204,6213,6217,6230,6233,6233,6241,6242,6266,6274,6284,6288,6288,6292,6303,6313,6317,6328,6335,6339,6343,6380,6413
89203,HR.KZ,Krapinsko-Zagorska,14,18,18,28,33,36,39,39,49,54,59,65,65,69,76,80,80,83,86,92,94,96,99,100,108,112,115,115,118,120,124,126,127,128,130,132,133,133,133,134,134,134,134,134,134,134,134,134,134,134,134,134,134,134,134,134,134,134,134,134,134,134,134,134,134,134,134,134,134,134,134,134,134,134,134,134,134,134,134,134,134,134,134,134,134,134,134,134,134,134,134,134,134,134,134,135,135,135,135,135,135,136,136,136,136,137,137,137,138,139,139,139,140,141,142,143,145,145,145,146,146,146,146,147,149,149,152,152,152,152,153,154,154,154,154,154,154,154,154,154,155,155,155,156,157,158,160,162,163,164,166,169,169,170,174,175,176,177,180,186,186,193,201,204,206,207,215,217,224,226,230,235,236,241,244,249,254,256,257,268,273,283,289,297,305,310,325,327,342,349,360,361,366,382,392,422,432,434,456,471,494,526,556,565,610,626,634,678,753,819,932,1014,1033,1067,1080,1212,1267,1372,1543,1615,1691,1748,1869,2022,2173,2280,2326,2351,2456,2592,2760,2789,2914,2966,3016,3114,3250,3321,3387,3552,3572,3611,3731,3951,4040,4154,4314,4440,4476,4643,4878,5044,5158,5241,5410,5506,5646,5918,5918,6302,6457,6530,6563,6741,7018,7179,7331,7488,7532,7553,7633,7768,7845,7934,8041,8062,8074,8165,8176,8268,8301,8302,8332,8371,8379,8451,8483,8505,8520,8525,8550,8596,8609,8636,8662,8672,8682,8711,8733,8748,8759,8780,8789,8793,8807,8828,8836,8840,8846,8849,8855,8871,8882,8889,8910,8918,8924,8926,8934,8953,8961,8969,8980,8987,8989,8996,9003,9006,9009,9015,9017,9021,9028,9038,9043,9052,9060,9060,9064,9069,9081,9086,9096,9100,9106,9108,9115,9121,9128,9135,9143,9150,9158,9169,9184,9195,9211,9218,9221,9234,9252,9273,9289,9309,9328,9342,9343,9361,9383,9404,9432,9444,9444,9464,9489,9527,9553
89204,HR.LS,Ličko-Senjska,1,1,1,1,1,1,1,1,1,1,1,2,2,2,2,2,2,2,2,2,3,3,7,13,13,14,14,19,19,20,20,20,20,20,20,20,20,20,20,20,20,20,20,20,20,20,20,20,20,20,20,20,20,20,20,20,20,20,20,20,20,20,20,20,20,20,20,20,20,20,20,20,20,20,20,20,20,20,20,20,20,20,20,20,20,20,20,20,20,20,20,20,20,20,20,20,20,20,20,20,20,20,20,20,21,22,23,24,24,25,25,26,27,27,27,27,27,27,27,27,27,27,27,27,27,27,27,27,27,27,27,27,27,27,27,27,27,28,28,28,30,30,30,32,33,36,36,37,37,37,40,41,42,47,48,50,53,53,57,57,62,63,64,68,68,73,75,78,86,90,91,99,103,105,107,108,112,112,113,117,123,131,142,144,148,150,161,162,165,169,172,174,176,180,185,192,198,209,212,235,237,243,246,249,257,260,260,270,293,343,356,365,368,372,384,392,415,430,451,459,464,502,520,536,552,571,578,590,612,624,639,646,665,671,685,732,751,784,808,822,842,870,929,933,995,1037,1087,1147,1167,1228,1265,1329,1375,1411,1447,1497,1542,1624,1624,1738,1755,1805,1846,1905,1995,2072,2118,2132,2148,2174,2217,2263,2297,2326,2335,2343,2359,2386,2418,2442,2442,2450,2452,2460,2464,2501,2510,2510,2512,2514,2520,2544,2544,2554,2569,2576,2577,2581,2586,2586,2593,2596,2605,2605,2607,2614,2617,2626,2628,2633,2633,2636,2645,2651,2658,2660,2666,2666,2668,2681,2687,2692,2696,2702,2702,2705,2714,2721,2731,2738,2742,2742,2746,2751,2761,2763,2766,2771,2771,2775,2787,2791,2797,2810,2818,2818,2821,2839,2844,2857,2880,2886,2887,2894,2915,2928,2957,2967,2981,2982,2999,3037,3056,3072,3091,3103,3104,3123,3154,3171,3190,3209,3238,3238,3253,3289,3319
89205,HR.ME,Međimurska,0,0,0,1,2,2,2,2,2,2,2,2,2,2,4,4,5,6,6,6,7,7,7,7,8,8,8,8,8,8,8,8,8,8,8,8,8,8,8,8,8,8,8,8,8,8,8,8,8,8,8,8,8,8,8,8,8,8,8,8,8,8,8,8,8,8,8,8,8,8,8,8,8,8,8,8,8,8,8,8,8,8,8,8,8,8,8,8,8,8,8,8,8,9,9,9,9,9,10,10,10,10,11,12,12,12,12,12,12,12,12,12,12,12,12,12,12,12,12,12,12,12,12,12,12,12,13,13,13,13,13,13,13,13,13,13,13,13,13,13,13,13,13,14,14,19,19,22,24,24,24,32,33,34,34,37,39,42,42,44,48,52,53,53,55,57,63,64,65,67,67,69,71,73,74,76,76,77,80,83,85,86,91,116,121,125,128,133,133,143,151,151,154,162,165,169,184,205,206,218,232,250,264,280,306,307,324,371,394,444,503,541,546,570,650,723,808,932,1016,1029,1101,1179,1350,1500,1651,1744,1748,1816,1998,2168,2293,2425,2542,2548,2619,2827,2961,3093,3229,3364,3370,3453,3725,3734,3920,4173,4294,4300,4395,4654,4897,5076,5272,5460,5464,5577,5887,6154,6154,6524,6687,6694,6811,7111,7299,7478,7648,7803,7808,7884,8118,8243,8363,8448,8560,8564,8626,8806,8892,8980,8980,9026,9027,9065,9202,9273,9343,9346,9382,9383,9422,9557,9569,9628,9702,9726,9727,9753,9799,9862,9882,9911,9953,9953,9959,9996,10022,10060,10089,10106,10106,10119,10159,10176,10200,10213,10231,10231,10244,10275,10314,10336,10350,10365,10367,10379,10413,10426,10435,10449,10458,10458,10462,10483,10492,10509,10512,10524,10526,10530,10556,10568,10581,10590,10609,10609,10618,10635,10647,10660,10686,10698,10698,10714,10739,10755,10774,10793,10802,10802,10813,10831,10844,10863,10882,10901,10903,10924,10972,10999,11042,11069,11106,11108,11123,11196,11237
89206,HR.OB,Osječko-Baranjska,7,7,7,19,25,31,35,39,42,46,57,63,68,71,77,77,77,79,81,81,82,82,82,91,97,99,102,107,107,107,108,109,111,112,113,113,113,114,115,118,119,119,120,123,126,127,127,127,132,132,132,132,132,132,132,132,132,132,132,132,132,133,134,134,134,134,134,134,134,134,134,134,134,134,134,134,134,134,134,134,134,134,134,134,135,135,135,135,135,135,135,137,142,145,157,161,201,213,233,265,272,279,295,321,333,348,355,371,376,380,388,403,454,456,463,474,481,487,487,511,521,521,521,539,546,546,558,559,560,562,566,574,584,594,595,597,602,610,610,611,617,623,628,634,639,652,668,677,685,686,696,713,719,723,730,742,751,758,766,770,779,787,791,794,795,812,819,827,835,840,842,848,856,866,870,876,884,887,898,922,933,938,943,950,954,958,972,975,986,999,1006,1012,1018,1026,1032,1044,1050,1064,1074,1086,1120,1176,1210,1226,1264,1278,1291,1328,1395,1537,1632,1658,1702,1739,1828,1952,2078,2285,2458,2503,2610,2722,2948,3141,3348,3454,3577,3673,3795,3931,4070,4287,4512,4613,4718,4865,5085,5259,5444,5606,5747,5950,6204,6398,6582,6805,7030,7189,7379,7677,7897,8145,8338,8471,8594,8848,9110,9421,9421,9937,10011,10294,10484,10775,11141,11267,11608,11799,11942,12148,12400,12645,12901,13087,13193,13280,13408,13566,13731,13841,13870,13925,13971,14043,14134,14294,14371,14390,14426,14463,14520,14604,14642,14697,14794,14840,14858,14919,14986,15033,15071,15100,15122,15137,15167,15196,15243,15274,15289,15308,15321,15336,15368,15393,15412,15437,15456,15466,15477,15511,15529,15547,15560,15570,15578,15595,15627,15647,15666,15681,15686,15693,15700,15722,15749,15762,15772,15785,15798,15815,15832,15861,15890,15912,15929,15942,15954,15988,16060,16094,16123,16135,16139,16153,16183,16204,16232,16248,16253,16270,16289,16319,16358,16381,16400,16417,16425,16450,16486,16542,16627,16687,16712,16736,16768,16827,16914
89207,HR.PS,Požeško-Slavonska,0,0,0,0,0,0,0,0,0,0,1,3,3,3,3,3,3,3,3,3,3,3,3,3,3,3,3,3,3,3,3,3,3,3,3,3,3,3,3,3,3,3,3,3,3,3,3,3,3,3,3,3,5,5,8,8,8,8,8,8,8,8,8,8,8,8,8,8,8,8,8,8,8,8,8,8,8,8,8,8,8,8,8,8,8,8,8,8,8,8,8,8,8,8,8,8,8,8,8,8,8,10,18,27,49,62,72,72,72,73,76,76,78,80,80,80,87,88,88,88,89,89,89,91,93,93,94,94,94,94,94,94,94,94,94,94,94,96,96,97,97,97,97,98,98,100,103,103,108,108,110,110,111,112,114,127,128,130,133,141,142,144,162,173,189,191,204,209,213,216,216,232,240,252,253,270,273,273,284,300,313,322,333,348,348,358,360,378,383,401,410,410,417,426,432,439,442,446,446,451,457,469,475,481,489,490,496,508,529,536,548,555,555,566,569,592,597,627,643,644,665,679,694,704,718,737,741,755,780,796,828,843,879,883,896,927,944,987,1010,1027,1030,1085,1107,1133,1181,1203,1230,1233,1266,1280,1320,1363,1419,1427,1467,1518,1556,1633,1633,1747,1787,1788,1813,1897,1972,2011,2046,2060,2086,2112,2145,2201,2244,2267,2327,2328,2337,2366,2394,2425,2435,2436,2436,2449,2460,2476,2510,2527,2533,2534,2549,2558,2578,2583,2607,2608,2609,2617,2631,2647,2659,2667,2670,2670,2674,2681,2691,2694,2702,2707,2707,2708,2718,2721,2727,2737,2739,2739,2740,2745,2747,2754,2756,2757,2757,2758,2761,2761,2764,2766,2766,2766,2766,2768,2771,2773,2783,2787,2788,2788,2794,2796,2800,2803,2809,2809,2814,2822,2824,2829,2831,2833,2833,2836,2841,2850,2855,2861,2868,2868,2872,2878,2895,2899,2912,2921,2921,2927,2931,2947,2954,2965,2971,2971,2988,3004,3030
89208,HR.PG,Primorsko-Goranska,18,21,21,28,34,35,35,38,38,43,46,60,62,63,65,66,67,68,69,70,73,73,75,77,77,78,79,79,79,80,80,82,82,82,82,82,82,82,82,82,82,82,82,82,82,82,82,82,82,82,83,83,83,83,83,83,83,83,83,83,83,83,83,83,83,83,83,83,83,83,83,83,83,83,83,83,83,83,83,83,83,84,84,84,84,84,84,84,84,84,84,85,85,85,85,86,95,100,102,102,102,103,103,103,104,106,108,109,116,116,117,117,117,118,122,122,122,135,135,142,142,142,142,152,152,152,155,157,157,157,158,158,159,159,159,159,159,159,160,161,164,164,169,172,177,179,186,187,193,195,202,207,214,215,219,229,231,236,256,262,280,295,300,308,319,341,353,370,384,385,393,399,424,438,451,454,470,471,475,488,496,504,505,515,526,534,544,575,620,628,647,648,656,667,677,703,706,743,743,748,765,782,801,817,827,827,850,874,889,918,952,971,974,1037,1100,1175,1262,1338,1471,1499,1588,1762,1955,2099,2224,2338,2374,2465,2630,2827,3022,3096,3278,3401,3506,3677,3854,4065,4302,4456,4549,4700,4857,5135,5258,5520,5814,5937,6095,6425,6652,7028,7237,7571,7584,7758,8015,8475,8475,9031,9410,9572,9879,10261,10635,11004,11350,11808,11812,11934,12281,12748,13041,13296,13517,13528,13739,14053,14312,14524,14539,14616,14623,14763,14959,15212,15350,15352,15427,15439,15532,15743,15756,15879,15989,16061,16072,16146,16226,16287,16352,16418,16468,16469,16513,16568,16635,16684,16730,16752,16755,16795,16851,16882,16918,16966,17011,17013,17053,17093,17147,17189,17213,17255,17261,17280,17335,17368,17406,17436,17462,17466,17496,17528,17556,17580,17613,17633,17635,17667,17724,17770,17825,17882,17912,17912,17964,18033,18112,18181,18275,18352,18359,18443,18592,18730,18882,19036,19153,19167,19289,19584,19840,20075,20287,20507,20519,20705,21060,21329,21690,22003,22381,22405,22662,23276,23567
89209,HR.SB,Šibensko-Kninska,4,6,6,15,15,15,15,22,23,23,24,27,29,29,29,35,35,42,44,53,58,61,65,67,76,77,78,79,79,79,79,80,80,80,80,81,83,83,83,86,86,86,87,87,87,87,87,87,88,88,88,88,88,89,89,89,89,89,89,89,89,89,89,89,89,89,89,89,89,89,89,89,89,89,89,89,89,89,89,89,89,89,89,89,89,89,89,89,89,89,89,90,90,91,91,91,92,92,92,92,92,93,93,94,95,95,97,103,104,107,114,116,116,118,118,119,120,121,121,129,129,129,129,130,133,133,140,141,142,145,145,147,149,150,150,150,150,150,150,150,150,151,151,155,159,166,178,193,211,212,229,239,246,274,289,309,310,313,346,358,371,380,399,401,402,419,431,455,461,471,471,472,480,485,491,493,505,506,507,516,525,529,532,534,536,538,544,545,549,553,554,554,555,556,563,566,570,570,570,574,577,583,586,590,593,594,596,601,612,629,640,648,650,655,687,702,748,768,802,810,819,856,887,945,1003,1028,1033,1057,1072,1117,1172,1231,1257,1259,1276,1345,1416,1458,1521,1541,1548,1618,1676,1689,1795,1891,1912,1918,1975,2058,2161,2276,2403,2425,2434,2527,2616,2790,2790,3040,3058,3071,3249,3461,3616,3724,3867,3891,3899,4003,4137,4267,4320,4411,4425,4427,4513,4613,4685,4736,4738,4740,4741,4788,4850,4933,4959,4959,4963,4969,4998,5045,5046,5081,5124,5125,5126,5159,5199,5220,5240,5270,5271,5272,5289,5321,5367,5392,5427,5434,5437,5460,5487,5516,5531,5558,5561,5564,5580,5597,5618,5625,5639,5642,5643,5659,5674,5686,5700,5719,5720,5721,5731,5748,5756,5763,5778,5780,5780,5793,5809,5825,5842,5864,5888,5890,5897,5920,5936,5956,5980,5982,5982,5997,6043,6067,6093,6127,6146,6154,6200,6275,6340,6387,6454,6464,6467,6511,6623,6733,6817,6933,6947,6961,7040,7164,7303
89210,HR.SM,Sisačko-Moslavačka,3,4,4,5,5,7,13,13,13,14,15,14,15,19,20,20,20,21,22,22,24,27,27,29,29,30,30,30,30,32,32,34,34,34,34,34,34,34,34,34,34,34,34,34,34,34,34,35,35,35,35,35,36,36,36,36,36,36,36,36,36,36,36,36,36,36,36,36,36,36,36,36,36,36,36,36,36,36,36,36,36,36,36,36,36,36,36,36,36,37,37,37,37,37,37,37,39,39,43,44,45,45,45,45,46,47,51,55,58,67,69,75,75,76,76,77,79,80,80,81,82,82,82,83,86,86,88,95,96,99,99,100,100,101,102,102,102,102,102,102,104,104,104,105,105,108,109,115,115,115,126,127,130,132,139,141,145,152,155,170,170,179,180,182,183,197,204,210,222,225,225,233,236,239,243,246,246,247,254,259,260,262,263,264,265,265,266,272,274,277,278,278,278,282,297,349,376,381,381,388,424,455,473,493,511,514,528,538,592,602,641,666,678,704,709,772,821,863,955,967,1040,1102,1177,1254,1294,1400,1414,1484,1515,1538,1668,1688,1859,1875,1908,1949,2053,2131,2190,2266,2275,2348,2500,2530,2574,2658,2855,2893,2970,3052,3148,3311,3409,3601,3643,3811,3982,4105,4105,4533,4724,4759,4876,5089,5235,5579,5705,5927,5970,6109,6186,6385,6558,6622,6737,6761,6864,6981,7098,7178,7219,7225,7232,7385,7405,7546,7581,7597,7605,7612,7723,7779,7792,7852,7976,7985,7991,8043,8096,8192,8229,8285,8296,8300,8358,8400,8458,8488,8549,8557,8564,8627,8681,8726,8751,8782,8788,8791,8821,8843,8869,8882,8900,8905,8909,8920,8933,8951,8966,8976,8977,8980,8995,9012,9023,9032,9052,9053,9053,9069,9085,9110,9124,9135,9139,9139,9156,9174,9195,9202,9221,9221,9222,9236,9247,9259,9266,9280,9281,9282,9298,9304,9330,9335,9357,9359,9361,9370,9388,9423,9436,9456,9457,9459,9484,9509,9538
89211,HR.SD,Splitsko-Dalmatinska,7,7,7,17,23,34,44,61,61,88,96,133,143,154,158,165,181,196,205,246,291,302,323,336,350,365,381,388,392,406,409,418,427,452,454,455,460,464,465,468,479,488,489,490,491,496,497,501,526,528,537,544,544,547,547,547,547,548,548,548,548,548,549,549,549,549,549,549,549,549,549,549,549,549,549,549,549,549,549,549,549,549,549,549,549,549,549,549,549,553,558,565,566,566,566,566,567,572,579,582,582,586,586,591,591,592,594,597,610,616,623,641,652,657,671,672,682,695,695,720,727,727,727,759,769,769,794,810,810,818,844,857,875,886,896,917,920,935,936,956,973,1004,1007,1032,1068,1111,1184,1216,1244,1271,1318,1373,1443,1539,1643,1745,1791,1864,2000,2108,2223,2334,2429,2463,2505,2584,2698,2803,2900,2958,2988,3026,3134,3195,3256,3304,3325,3336,3389,3460,3536,3611,3663,3679,3680,3713,3765,3806,3844,3880,3901,3909,3944,3986,4011,4040,4077,4095,4101,4153,4214,4262,4313,4376,4403,4413,4479,4607,4687,4760,4866,4918,4943,5099,5276,5431,5643,5917,6015,6063,6293,6653,6936,7252,7524,7623,7691,7942,8338,8640,8972,9263,9488,9536,9653,9970,10344,10780,11200,11353,11500,11651,12090,12563,12868,13255,13561,13697,13987,14450,14929,15477,16005,16346,16493,16910,17254,17817,17817,18801,19137,19296,19595,20103,20552,20898,21389,21817,22097,22475,22851,23218,23574,23941,24095,24192,24420,24699,24942,24976,24992,25214,25253,25354,25652,25937,25982,25991,26197,26259,26368,26675,26766,26872,27041,27117,27138,27199,27384,27484,27568,27666,27738,27760,27807,27949,28069,28139,28220,28298,28303,28367,28494,28569,28642,28714,28792,28808,28886,29042,29064,29217,29301,29371,29381,29419,29537,29594,29666,29735,29787,29789,29828,29913,29962,30030,30100,30162,30169,30225,30379,30482,30544,30618,30694,30704,30762,30927,31024,31125,31221,31323,31328,31387,31591,31698,31831,31965,32078,32084,32181,32443,32641,32836,33049,33199,33213,33343,33655,33949,34224,34518,34781,34798,35053,35445,35887
89212,HR.VA,Varaždinska,10,11,11,11,11,14,18,19,19,21,21,26,27,27,27,31,33,33,35,35,35,35,35,35,35,35,35,35,35,36,36,37,40,43,49,49,50,50,50,50,50,50,50,50,50,51,51,51,51,51,51,51,51,51,51,51,51,51,51,51,51,51,51,51,51,51,51,51,51,51,51,51,51,51,51,51,51,51,51,51,51,51,51,51,51,51,51,51,51,51,51,51,51,51,51,51,52,53,53,54,54,54,54,54,55,56,56,57,57,58,59,61,61,61,62,62,63,63,63,63,64,64,64,67,67,67,68,68,69,72,72,72,74,75,76,76,76,76,77,77,79,79,80,81,85,87,88,91,91,93,94,100,105,108,124,131,134,136,147,147,156,157,160,160,160,165,168,175,176,182,185,185,191,193,194,200,202,202,203,205,205,206,206,206,207,209,213,213,215,216,220,220,220,224,227,231,234,239,242,243,257,269,289,303,307,333,346,374,391,446,501,510,517,580,651,724,822,927,1026,1065,1092,1223,1361,1496,1631,1746,1932,2078,2214,2492,2732,2973,3217,3428,3533,3706,3926,4207,4433,4730,4894,5022,5212,5490,5800,5974,6247,6528,6755,6950,7202,7584,7867,8274,8405,8640,8889,9117,9117,9744,9983,10232,10395,10690,10956,11160,11381,11569,11673,11757,11988,12194,12361,12449,12617,12663,12709,12875,12976,13052,13056,13067,13109,13131,13267,13373,13458,13478,13513,13533,13557,13704,13716,13774,13839,13894,13899,13931,14006,14051,14074,14113,14144,14159,14178,14214,14256,14298,14322,14337,14344,14370,14411,14434,14464,14496,14513,14522,14541,14568,14588,14617,14635,14651,14655,14667,14694,14716,14737,14756,14768,14773,14783,14799,14814,14826,14842,14853,14855,14865,14873,14893,14901,14914,14939,14946,14957,14976,14997,15023,15050,15072,15079,15097,15141,15179,15208,15262,15308,15325,15347,15422,15468,15509,15570,15631,15659,15698,15800,15867,15932,15993,16064,16105,16135,16207,16267
89213,HR.VP,Virovitičko-Podravska,0,0,0,0,0,0,0,0,0,0,1,4,4,4,4,4,4,4,4,4,4,4,4,4,4,4,4,4,4,4,4,4,9,9,9,9,9,9,9,9,9,9,9,11,11,11,11,11,11,11,11,11,11,11,11,11,11,11,11,11,11,11,11,11,11,11,11,11,11,11,11,11,11,11,11,11,11,11,11,11,11,11,11,11,11,11,11,11,11,11,11,11,11,11,11,11,12,12,13,13,13,13,13,13,13,13,14,14,14,14,15,15,17,20,20,20,23,24,24,27,27,27,27,27,27,27,28,29,31,31,32,35,35,35,35,35,35,35,35,35,35,36,36,36,36,36,37,37,39,40,41,43,47,49,50,53,53,54,54,61,61,72,74,75,77,77,83,87,89,95,98,102,107,119,126,141,150,156,156,163,167,169,176,183,183,185,190,197,204,214,222,223,224,227,236,239,242,244,255,260,261,276,285,303,329,331,345,346,375,396,424,458,459,482,491,495,561,569,631,635,663,679,719,774,804,841,860,866,875,953,985,1009,1030,1056,1072,1074,1128,1156,1193,1236,1256,1271,1293,1341,1388,1442,1472,1531,1555,1570,1615,1678,1760,1803,1914,1974,1986,2051,2051,2171,2220,2279,2305,2348,2409,2470,2528,2590,2652,2656,2697,2761,2861,2872,2946,2973,3002,3046,3056,3085,3114,3114,3132,3140,3182,3225,3229,3250,3259,3287,3292,3321,3347,3372,3399,3418,3433,3440,3459,3484,3498,3513,3522,3533,3537,3556,3567,3577,3584,3592,3600,3602,3619,3634,3645,3649,3656,3659,3659,3659,3665,3668,3671,3681,3684,3685,3688,3696,3698,3700,3703,3704,3707,3707,3720,3720,3727,3733,3737,3739,3745,3745,3759,3762,3768,3771,3772,3781,3786,3794,3803,3803,3809,3811,3814,3816,3819,3823,3829,3836,3836,3839,3842,3845,3848,3857,3860,3864,3870,3872,3877,3881,3889,3892,3894,3905,3910
89214,HR.VS,Vukovarsko-Srijemska,0,0,0,0,1,1,2,3,7,11,13,13,13,16,18,21,24,28,29,31,32,33,34,35,36,36,36,36,36,37,37,37,39,39,39,39,39,39,39,40,40,40,40,40,40,40,40,40,40,40,40,40,40,40,40,40,40,40,40,40,41,41,41,41,41,41,41,41,41,41,41,41,41,41,41,41,41,41,41,41,41,41,41,41,41,41,41,41,41,41,41,41,41,41,41,42,42,42,45,46,48,52,55,60,63,69,76,83,86,88,90,94,110,118,122,131,142,150,150,200,242,242,242,287,323,323,347,360,374,375,383,412,423,434,453,453,458,475,489,502,506,513,519,519,524,542,545,551,558,558,563,574,578,580,584,588,588,591,598,598,616,617,627,627,630,635,643,656,658,668,668,671,675,684,686,704,707,710,717,725,729,742,746,750,751,752,754,764,770,791,811,814,825,834,853,881,899,919,943,959,966,1007,1033,1048,1088,1092,1098,1133,1144,1211,1243,1260,1304,1320,1360,1406,1470,1531,1597,1637,1696,1742,1818,1904,1969,2097,2151,2183,2241,2339,2375,2464,2587,2713,2810,2850,2962,3053,3161,3247,3342,3389,3415,3553,3584,3690,3817,3909,3956,4035,4178,4246,4389,4408,4529,4668,4703,4836,4836,5074,5203,5312,5362,5470,5628,5771,5857,5934,6001,6042,6100,6210,6279,6344,6405,6473,6494,6535,6590,6632,6657,6674,6676,6689,6694,6759,6804,6824,6832,6862,6878,6895,6919,6931,6957,6983,7002,7013,7034,7069,7088,7115,7117,7129,7139,7162,7175,7190,7201,7206,7215,7225,7240,7255,7268,7281,7283,7289,7297,7320,7340,7358,7374,7378,7383,7393,7399,7431,7438,7448,7453,7461,7475,7498,7505,7525,7540,7545,7550,7557,7565,7596,7606,7618,7624,7635,7646,7670,7685,7704,7722,7732,7733,7738,7770,7791,7801,7819,7832,7832,7842,7864,7885,7909,7929,7947,7948,7959,7997,8037,8084,8138,8164,8166,8196,8261,8342
89215,HR.ZD,Zadarska,2,2,2,3,6,6,16,18,18,25,32,36,45,47,48,52,52,56,56,60,63,67,69,69,74,74,76,77,78,78,79,81,81,82,84,84,85,85,85,85,85,85,85,85,85,85,85,85,85,85,85,85,87,87,87,87,87,87,87,87,87,87,87,87,87,87,87,87,87,87,87,87,87,87,87,87,87,87,87,87,87,87,87,87,87,87,87,87,87,87,87,87,87,89,89,90,95,97,98,98,99,100,100,104,108,110,111,112,113,115,122,138,143,147,149,154,154,157,157,169,169,169,169,170,171,171,173,175,175,175,175,175,178,180,181,182,184,184,188,190,193,194,195,196,202,208,217,231,236,241,250,262,274,296,315,326,338,355,370,382,413,426,443,452,459,469,490,502,518,534,543,557,585,598,617,632,645,649,652,668,679,683,696,705,709,715,720,724,729,732,738,741,742,748,752,755,758,762,765,775,787,802,808,814,820,820,822,837,845,859,886,895,904,913,937,954,975,1004,1024,1049,1077,1115,1155,1224,1261,1301,1319,1346,1381,1442,1514,1561,1601,1629,1660,1714,1786,1864,1941,1995,2046,2128,2226,2290,2428,2561,2652,2752,2865,2999,3122,3282,3462,3591,3674,3790,3924,4087,4087,4435,4533,4621,4766,4934,5045,5253,5391,5476,5560,5666,5788,5919,6043,6134,6205,6269,6311,6393,6460,6530,6530,6545,6570,6614,6686,6765,6826,6833,6851,6867,6900,6945,6952,6994,7043,7064,7095,7107,7151,7198,7243,7277,7285,7294,7314,7345,7379,7415,7445,7465,7465,7489,7515,7541,7574,7610,7617,7626,7628,7666,7708,7743,7762,7773,7779,7792,7812,7833,7844,7862,7872,7879,7885,7900,7916,7935,7945,7953,7957,7970,7996,8029,8060,8107,8112,8121,8147,8182,8210,8253,8292,8314,8329,8375,8412,8464,8524,8577,8601,8613,8660,8728,8782,8847,8913,8948,8962,9042,9107,9190,9312,9395,9471,9514,9609,9708,9843
89216,HR.ZG,Zagrebačka,2,2,2,3,3,3,0,0,5,0,0,82,88,89,92,93,93,95,101,102,107,109,112,112,114,117,121,121,124,124,124,125,125,125,127,127,127,128,129,130,130,130,130,130,130,130,130,130,130,130,130,130,130,130,130,130,130,130,130,130,130,130,130,130,131,131,131,131,131,131,131,131,131,131,131,131,131,131,131,131,131,131,131,131,131,131,131,132,132,135,136,137,138,138,140,141,148,153,157,158,158,160,168,170,175,179,182,183,184,185,188,192,200,203,203,204,208,212,212,222,227,227,227,231,235,235,241,241,241,242,247,249,251,253,253,253,253,256,256,257,260,263,263,265,272,284,289,300,306,310,321,330,344,351,373,375,375,379,398,410,419,440,446,449,456,484,503,512,530,536,542,554,571,587,594,611,614,614,621,632,636,654,669,673,678,691,716,734,750,767,777,778,788,802,820,831,853,874,881,903,913,964,1003,1033,1068,1076,1104,1172,1218,1306,1395,1455,1484,1568,1666,1772,1888,2083,2318,2383,2456,2627,2877,3051,3337,3526,3587,3658,3841,4069,4268,4509,4678,4852,4960,5127,5363,5568,5791,5973,6036,6158,6457,6755,6997,7323,7617,7747,7867,8153,8529,8770,9181,9329,9572,9683,9836,9984,9984,10308,10407,10473,10576,10978,11485,12047,12543,12942,12986,13234,13635,14033,14466,14758,14942,14976,15143,15427,15701,15762,15772,15787,15805,16022,16248,16460,16509,16516,16569,16578,16747,16970,16992,17124,17275,17300,17312,17414,17550,17644,17710,17767,17782,17798,17852,17955,18011,18088,18139,18155,18159,18205,18306,18376,18435,18485,18504,18509,18539,18628,18665,18705,18744,18748,18752,18788,18840,18874,18895,18931,18935,18940,18955,19010,19042,19071,19101,19109,19112,19138,19200,19226,19259,19304,19314,19317,19347,19412,19444,19484,19522,19531,19538,19576,19651,19697,19742,19798,19816,19819,19874,19976,20045,20131,20206,20231,20242,20311,20456,20583,20706,20852,20889,20902,21034,21230,21483
