id,hasc,States,2020-03-10,2020-03-11,2020-03-12,2020-03-13,2020-03-14,2020-03-15,2020-03-16,2020-03-17,2020-03-18,2020-03-19,2020-03-20,2020-03-21,2020-03-22,2020-03-23,2020-03-24,2020-03-25,2020-03-26,2020-03-27,2020-03-28,2020-03-29,2020-03-30,2020-03-31,2020-04-01,2020-04-02,2020-04-03,2020-04-04,2020-04-05,2020-04-06,2020-04-07,2020-04-08,2020-04-09,2020-04-10,2020-04-11,2020-04-12,2020-04-13,2020-04-14,2020-04-15,2020-04-16,2020-04-17,2020-04-18,2020-04-19,2020-04-20,2020-04-21,2020-04-22,2020-04-23,2020-04-24,2020-04-25,2020-04-26,2020-04-27,2020-04-28,2020-04-29,2020-04-30,2020-05-01,2020-05-02,2020-05-03,2020-05-04,2020-05-05,2020-05-06,2020-05-07,2020-05-08,2020-05-09,2020-05-10,2020-05-11,2020-05-12,2020-05-13,2020-05-14,2020-05-15,2020-05-16,2020-05-17,2020-05-18,2020-05-19,2020-05-20,2020-05-21,2020-05-22,2020-05-23,2020-05-24,2020-05-25,2020-05-26,2020-05-27,2020-05-28,2020-05-29,2020-05-30,2020-05-31,2020-06-01,2020-06-02,2020-06-03,2020-06-04,2020-06-05,2020-06-06,2020-06-07,2020-06-08,2020-06-09,2020-06-10,2020-06-11,2020-06-12,2020-06-13,2020-06-14,2020-06-15,2020-06-16,2020-06-17,2020-06-18,2020-06-19,2020-06-20,2020-06-21,2020-06-22,2020-06-23,2020-06-24,2020-06-25,2020-06-26,2020-06-27,2020-06-28,2020-06-29,2020-06-30,2020-07-01,2020-07-02,2020-07-03,2020-07-04,2020-07-05,2020-07-06,2020-07-07,2020-07-08,2020-07-09,2020-07-10,2020-07-11,2020-07-12,2020-07-13,2020-07-14,2020-07-15,2020-07-16,2020-07-17,2020-07-18,2020-07-19,2020-07-20,2020-07-21,2020-07-22,2020-07-23,2020-07-24,2020-07-25,2020-07-26,2020-07-27,2020-07-28,2020-07-29,2020-07-30,2020-07-31,2020-08-01,2020-08-02,2020-08-03,2020-08-04,2020-08-05,2020-08-06,2020-08-07,2020-08-08,2020-08-09,2020-08-10,2020-08-11,2020-08-12,2020-08-13,2020-08-14,2020-08-15,2020-08-16,2020-08-17,2020-08-18,2020-08-19,2020-08-20,2020-08-21,2020-08-22,2020-08-23,2020-08-24,2020-08-25,2020-08-26,2020-08-27,2020-08-28,2020-08-29,2020-08-30,2020-08-31,2020-09-01,2020-09-02,2020-09-03,2020-09-04,2020-09-05,2020-09-06,2020-09-07,2020-09-08,2020-09-09,2020-09-10,2020-09-11,2020-09-12,2020-09-13,2020-09-14,2020-09-15,2020-09-16,2020-09-17,2020-09-18,2020-09-19,2020-09-20,2020-09-21,2020-09-22,2020-09-23,2020-09-24,2020-09-25,2020-09-26,2020-09-27,2020-09-28,2020-09-29,2020-09-30,2020-10-01,2020-10-02,2020-10-03,2020-10-04,2020-10-05,2020-10-06,2020-10-07,2020-10-08,2020-10-09,2020-10-10,2020-10-11,2020-10-12,2020-10-13,2020-10-14,2020-10-15,2020-10-16,2020-10-17,2020-10-18,2020-10-19,2020-10-20,2020-10-21,2020-10-22,2020-10-23,2020-10-24,2020-10-25,2020-10-26,2020-10-27,2020-10-28,2020-10-29,2020-10-30,2020-10-31,2020-11-01,2020-11-02,2020-11-03,2020-11-04,2020-11-05,2020-11-06,2020-11-07,2020-11-08,2020-11-09,2020-11-10,2020-11-11,2020-11-12,2020-11-13,2020-11-14,2020-11-15,2020-11-16,2020-11-17,2020-11-18,2020-11-19,2020-11-20,2020-11-21,2020-11-22,2020-11-23,2020-11-24,2020-11-25,2020-11-26,2020-11-27,2020-11-28,2020-11-29,2020-11-30,2020-12-01,2020-12-02,2020-12-03,2020-12-04,2020-12-05,2020-12-06,2020-12-07,2020-12-08,2020-12-09,2020-12-10,2020-12-11,2020-12-12,2020-12-13,2020-12-14,2020-12-15,2020-12-16,2020-12-17,2020-12-18,2020-12-19,2020-12-20,2020-12-21,2020-12-22,2020-12-23,2020-12-24,2020-12-25,2020-12-26,2020-12-27,2020-12-28,2020-12-29,2020-12-30,2020-12-31,2021-01-01,2021-01-02,2021-01-03,2021-01-04,2021-01-05,2021-01-06,2021-01-07,2021-01-08,2021-01-09,2021-01-10,2021-01-11,2021-01-12,2021-01-13,2021-01-14,2021-01-15,2021-01-16,2021-01-17,2021-01-18,2021-01-19,2021-01-20,2021-01-21,2021-01-22,2021-01-23,2021-01-24,2021-01-25,2021-01-26,2021-01-27,2021-01-28,2021-01-29,2021-01-30,2021-01-31,2021-02-01,2021-02-02,2021-02-03,2021-02-04,2021-02-05,2021-02-06,2021-02-07,2021-02-08,2021-02-09,2021-02-10,2021-02-11,2021-02-12,2021-02-13,2021-02-14,2021-02-15,2021-02-16,2021-02-17,2021-02-18,2021-02-19,2021-02-20,2021-02-21,2021-02-22,2021-02-23,2021-02-24,2021-02-25,2021-02-26,2021-02-27,2021-02-28,2021-03-01,2021-03-02,2021-03-03,2021-03-04,2021-03-05,2021-03-06,2021-03-07,2021-03-08,2021-03-09,2021-03-10,2021-03-11,2021-03-12,2021-03-13,2021-03-14,2021-03-15,2021-03-16,2021-03-17,2021-03-18,2021-03-19,2021-03-20,2021-03-21,2021-03-22,2021-03-23,2021-03-24,2021-03-25,2021-03-26,2021-03-27,2021-03-28,2021-03-29,2021-03-30,2021-03-31,2021-04-01,2021-04-02,2021-04-03,2021-04-04,2021-04-05,2021-04-06,2021-04-07,2021-04-08,2021-04-09,2021-04-10,2021-04-11,2021-04-12,2021-04-13,2021-04-14,2021-04-15,2021-04-16,2021-04-17,2021-04-18,2021-04-19,2021-04-20,2021-04-21,2021-04-22,2021-04-23,2021-04-24,2021-04-25,2021-04-26,2021-04-27,2021-04-28,2021-04-29,2021-04-30,2021-05-01,2021-05-02,2021-05-03,2021-05-04,2021-05-05,2021-05-06,2021-05-07,2021-05-08,2021-05-09,2021-05-10,2021-05-11,2021-05-12,2021-05-13,2021-05-14,2021-05-15,2021-05-16,2021-05-17,2021-05-18,2021-05-19,2021-05-20,2021-05-21,2021-05-22,2021-05-23,2021-05-24,2021-05-25,2021-05-26,2021-05-27,2021-05-28,2021-05-29,2021-05-30,2021-05-31,2021-06-01,2021-06-02,2021-06-03,2021-06-04,2021-06-05,2021-06-06,2021-06-07,2021-06-08,2021-06-09,2021-06-10,2021-06-11,2021-06-12,2021-06-13,2021-06-14,2021-06-15,2021-06-16,2021-06-17,2021-06-18,2021-06-19,2021-06-20,2021-06-21,2021-06-22,2021-06-23,2021-06-24,2021-06-25,2021-06-26,2021-06-27,2021-06-28,2021-06-29,2021-06-30,2021-07-01,2021-07-02,2021-07-03,2021-07-04,2021-07-05,2021-07-06,2021-07-07,2021-07-08,2021-07-09,2021-07-10,2021-07-11,2021-07-12,2021-07-13,2021-07-14,2021-07-15,2021-07-16,2021-07-17,2021-07-18,2021-07-20,2021-07-21,2021-07-22,2021-07-23,2021-07-24,2021-07-25,2021-07-26,2021-07-27,2021-07-28,2021-07-29,2021-07-30,2021-07-31,2021-08-01,2021-08-02,2021-08-03,2021-08-04,2021-08-05,2021-08-06,2021-08-07,2021-08-08,2021-08-09,2021-08-10,2021-08-11,2021-08-12,2021-08-13,2021-08-14,2021-08-15,2021-08-16,2021-08-17,2021-08-19,2021-08-20,2021-08-21,2021-08-22,2021-08-23,2021-08-24,2021-08-25,2021-08-26,2021-08-27,2021-08-28,2021-08-29,2021-08-30,2021-08-31,2021-09-01,2021-09-02,2021-09-03,2021-09-04,2021-09-05,2021-09-06,2021-09-07,2021-09-08,2021-09-09,2021-09-10,2021-09-11,2021-09-12,2021-09-13,2021-09-14,2021-09-15,2021-09-16,2021-09-17,2021-09-18,2021-09-19,2021-09-20,2021-09-21,2021-09-22,2021-09-24,2021-09-25,2021-09-26,2021-09-27,2021-09-28,2021-09-29,2021-09-30,2021-10-01,2021-10-02,2021-10-03,2021-10-04,2021-10-05,2021-10-06,2021-10-07,2021-10-08,2021-10-09,2021-10-10,2021-10-11,2021-10-12,2021-10-13,2021-10-14,2021-10-15,2021-10-16,2021-10-17,2021-10-18,2021-10-19
529959,IN.DL,Delhi,0,0,0,1,1,1,1,1,1,1,1,1,1,1,2,1,1,1,1,2,2,2,2,4,4,6,7,7,7,9,9,13,14,19,24,28,30,32,38,42,43,45,47,47,48,50,53,54,54,54,54,56,59,61,64,64,64,64,65,66,68,73,73,73,86,106,115,123,129,160,168,168,176,194,208,231,261,276,288,303,316,398,416,473,523,556,606,650,708,761,812,874,905,984,1085,1214,1271,1327,1400,1837,1904,1969,2035,2112,2175,2233,2301,2365,2429,2492,2558,2623,2680,2742,2803,2864,2923,3004,3067,3115,3165,3213,3258,3300,3334,3371,3411,3446,3487,3545,3571,3597,3628,3663,3690,3719,3745,3777,3806,3827,3827,3827,3827,3827,3963,3989,4004,4021,4033,4044,4059,4082,4098,4111,4131,4139,4153,4167,4178,4188,4196,4214,4226,4235,4257,4270,4284,4300,4313,4330,4347,4369,4389,4426,4426,4462,4462,4481,4500,4513,4538,4567,4599,4618,4638,4666,4687,4715,4744,4770,4806,4839,4877,4907,4945,4982,5014,5051,5123,5123,5147,5193,5235,5272,5320,5401,5401,5438,5472,5510,5542,5616,5616,5653,5692,5769,5769,5769,5769,5898,5924,5946,5981,6009,6040,6040,6128,6189,6189,6225,6258,6312,6356,6396,6423,6470,6511,6562,6604,6652,6769,6769,6912,6912,6989,7060,7143,7228,7332,7423,7519,7614,7713,7812,7943,8041,8159,8270,8391,8512,8621,8811,8811,8909,8998,9066,9260,9260,9342,9424,9497,9574,9643,9706,9763,9813,9934,9934,9981,10014,10074,10147,10182,10182,10219,10251,10304,10304,10329,10347,10384,10414,10437,10453,10474,10502,10523,10536,10557,10571,10585,10597,10609,10644,10644,10654,10666,10678,10691,10707,10718,10722,10738,10738,10746,10754,10764,10782,10789,10789,10799,10808,10813,10820,10829,10835,10841,10849,10853,10856,10858,10864,10871,10873,10877,10882,10882,10882,10884,10889,10889,10889,10893,10894,10894,10896,10896,10897,10900,10900,10901,10903,10905,10905,10906,10910,10911,10911,10911,10914,10915,10918,10918,10924,10924,10928,10931,10934,10934,10939,10941,10944,10945,10948,10949,10953,10955,10956,10963,10963,10973,10978,10987,10997,10997,11012,11016,11016,11036,11050,11081,11081,11113,11113,11133,11157,11196,11235,11283,11355,11540,11540,11652,11793,11960,12121,12638,12638,12887,13193,13541,13898,14248,14628,15009,15377,15772,16147,16559,16966,17414,17752,18063,18739,18739,19071,19663,19663,20010,20310,20618,21244,21244,21506,21506,21506,22579,22579,23013,23013,23202,23409,23565,23695,23812,23951,24073,24151,24237,24402,24402,24497,24497,24557,24591,24627,24704,24748,24748,24772,24823,24839,24851,24876,24886,24886,24907,24914,24914,24925,24933,24940,24952,24952,24961,24965,24967,24971,24971,24971,24971,24971,24971,24971,24971,24971,24971,24971,24971,24971,24971,24971,24971,24971,24971,24971,24971,24971,24971,24971,24971,24971,24971,24971,24971,24971,24971,24971,25053,25054,25054,25058,25058,25060,25065,25066,25066,25067,25068,25068,25068,25069,25069,25069,25073,25079,25079,25079,25079,25079,25079,25079,25080,25080,25080,25080,25080,25081,25081,25082,25082,25082,25082,25082,25082,25083,25083,25083,25083,25083,25083,25083,25083,25083,25084,25085,25085,25085,25085,25085,25085,25085,25085,25085,25085,25085,25085,25085,25085,25085,25085,25085,25085,25088,25088,25088,25088,25088,25088,25088,25088,25088,25088,25088,25088,25088
529960,IN.HR,Haryana,0,0,0,0,0,0,0,0,0,0,0,0,0,0,0,0,0,0,0,0,0,0,0,0,0,0,1,1,1,3,3,3,3,3,3,3,3,3,3,3,3,3,3,3,3,3,3,3,3,3,3,3,3,4,4,5,6,6,7,7,8,9,10,11,11,11,11,11,13,14,14,14,14,15,16,16,16,16,17,18,19,19,20,20,21,23,23,24,24,24,28,39,45,52,64,70,78,88,100,118,130,134,144,149,160,169,178,188,198,211,218,223,232,236,240,251,255,260,265,276,279,282,287,290,297,301,308,312,319,322,327,344,349,355,364,372,378,382,389,392,392,392,392,392,421,428,433,440,448,455,458,467,474,483,489,500,503,511,518,528,538,550,557,567,578,585,597,603,613,623,634,646,661,682,682,706,706,721,740,759,781,806,829,854,882,907,932,956,975,1000,1026,1045,1069,1092,1120,1149,1177,1206,1255,1255,1273,1291,1307,1331,1356,1402,1402,1425,1450,1470,1491,1528,1528,1548,1562,1579,1579,1579,1579,1614,1623,1634,1640,1640,1648,1648,1674,1705,1705,1720,1727,1737,1750,1758,1766,1777,1789,1795,1810,1817,1859,1859,1897,1897,1912,1919,1935,1960,1979,2006,2011,2019,2038,2063,2093,2113,2138,2163,2188,2216,2249,2316,2316,2345,2375,2401,2456,2456,2488,2520,2539,2564,2588,2611,2624,2650,2699,2699,2710,2717,2733,2765,2782,2782,2803,2816,2832,2832,2842,2847,2854,2858,2865,2874,2882,2892,2899,2905,2911,2915,2917,2923,2927,2940,2940,2943,2949,2950,2956,2964,2966,2972,2983,2983,2985,2989,2993,3000,3005,3005,3009,3010,3014,3014,3014,3014,3015,3017,3018,3022,3023,3024,3026,3027,3027,3029,3029,3033,3033,3035,3035,3039,3039,3040,3040,3042,3042,3042,3042,3042,3042,3042,3043,3043,3044,3048,3050,3050,3052,3052,3052,3053,3053,3058,3058,3062,3064,3065,3065,3073,3074,3077,3079,3083,3089,3090,3093,3098,3101,3101,3110,3117,3125,3132,3132,3143,3147,3147,3164,3174,3191,3191,3208,3208,3219,3230,3241,3252,3268,3282,3316,3316,3334,3354,3386,3415,3483,3483,3528,3583,3643,3703,3767,3842,3926,4021,4118,4216,4341,4486,4626,4779,4960,5299,5299,5454,5766,5766,5910,6075,6238,6546,6546,6685,6685,6685,7205,7205,7415,7415,7512,7607,7735,7841,7939,8035,8132,8221,8303,8461,8461,8605,8605,8664,8712,8751,8829,8861,8861,8904,8992,9032,9070,9109,9147,9147,9216,9246,9246,9275,9295,9314,9351,9351,9368,9385,9401,9417,9417,9417,9417,9417,9417,9417,9417,9417,9417,9417,9417,9417,9417,9417,9417,9417,9417,9417,9417,9417,9417,9417,9417,9417,9417,9417,9417,9417,9417,9417,9635,9638,9639,9644,9644,9646,9647,9648,9649,9650,9652,9653,9654,9657,9658,9660,9661,9664,9664,9665,9667,9668,9668,9669,9670,9672,9672,9674,9674,9675,9675,9677,9681,9681,9683,9685,9685,9686,9686,9686,9686,9686,9686,9807,9807,9808,9808,9808,9808,9808,9808,9808,9808,9809,9810,9810,9810,9810,9810,9810,9810,9810,9810,9810,9810,9875,9875,9875,9875,9875,9875,9875,9875,9875,9875,9875,9875,9875
529961,IN.KA,Karnataka,0,0,0,1,1,1,1,1,1,1,1,1,1,1,1,1,2,2,2,3,3,3,3,3,3,3,4,4,4,4,5,6,6,6,6,9,11,13,13,13,14,16,17,17,17,18,18,18,20,20,20,21,22,25,25,26,28,29,29,30,30,30,31,31,31,33,35,36,36,37,37,40,41,41,41,42,42,44,44,47,47,48,48,51,52,52,53,57,57,59,61,64,66,69,72,79,81,86,89,94,102,114,124,132,137,142,150,164,170,180,191,207,226,246,253,272,293,335,372,401,416,470,486,543,613,684,757,842,928,1032,1147,1240,1331,1403,1464,1519,1616,1724,1796,1878,1878,1878,1878,1878,2314,2412,2496,2594,2704,2804,2897,2998,3091,3198,3312,3398,3510,3613,3717,3831,3947,4062,4201,4327,4429,4522,4615,4683,4810,4958,5091,5232,5368,5589,5589,5837,5837,5950,6054,6170,6298,6393,6534,6680,6808,6937,7067,7161,7265,7384,7481,7536,7629,7808,7922,8023,8145,8228,8331,8331,8417,8503,8582,8641,8777,8994,8994,9119,9219,9286,9370,9574,9574,9675,9789,9966,9966,9966,9966,10198,10283,10356,10427,10478,10542,10542,10696,10821,10821,10873,10905,10947,10991,11046,11091,11140,11168,11192,11221,11247,11312,11312,11369,11369,11391,11410,11430,11453,11474,11491,11508,11529,11541,11557,11578,11604,11621,11641,11654,11678,11695,11726,11726,11738,11750,11765,11792,11792,11808,11821,11834,11846,11856,11867,11880,11900,11928,11928,11939,11944,11954,11971,11981,11981,11989,12004,12016,12016,12029,12038,12039,12044,12051,12062,12070,12074,12081,12090,12096,12099,12107,12110,12118,12131,12131,12134,12138,12140,12144,12149,12152,12155,12162,12162,12166,12175,12181,12187,12190,12190,12193,12197,12200,12204,12207,12209,12211,12213,12217,12220,12223,12225,12227,12230,12233,12239,12239,12241,12244,12259,12259,12263,12267,12273,12273,12282,12282,12287,12294,12294,12299,12303,12309,12316,12320,12331,12336,12336,12343,12346,12350,12354,12354,12367,12367,12373,12379,12381,12381,12387,12390,12397,12403,12407,12415,12425,12432,12434,12444,12444,12461,12471,12484,12492,12492,12520,12541,12541,12585,12591,12625,12625,12696,12696,12731,12767,12813,12849,12889,12941,13046,13046,13112,13190,13270,13351,13646,13646,13762,13885,14075,14283,14426,14627,14807,15036,15306,15523,15794,16011,16250,16538,16884,17804,17804,18286,19372,19372,19852,20368,20712,21434,21434,21837,21837,21837,23854,23854,24658,24658,25282,25811,26399,26929,27405,27806,28298,28679,29090,30017,30017,30895,30895,31260,31580,31920,32291,32485,32485,32644,32913,33033,33148,33296,33434,33434,33763,33883,33883,34025,34164,34287,34539,34539,34654,34743,34836,34929,34929,34929,34929,34929,34929,34929,34929,34929,34929,34929,34929,34929,34929,34929,34929,34929,34929,34929,34929,34929,34929,34929,34929,34929,34929,34929,34929,34929,34929,34929,36562,36587,36612,36680,36680,36705,36741,36773,36793,36817,36848,36881,36911,36958,36979,37007,37039,37088,37088,37105,37145,37155,37155,37184,37206,37248,37248,37278,37278,37293,37293,37339,37380,37380,37409,37426,37426,37441,37458,37472,37472,37487,37504,37529,37529,37537,37555,37587,37587,37587,37587,37587,37587,37706,37717,37717,37717,37717,37717,37717,37717,37717,37717,37717,37717,37854,37866,37866,37875,37875,37875,37875,37875,37875,37875,37875,37875,37875
529962,IN.KL,Kerala,0,0,0,0,0,0,0,0,0,0,0,0,0,0,0,0,0,0,0,1,1,1,2,2,2,2,2,2,2,2,2,2,2,2,3,3,3,3,3,3,3,3,3,3,3,3,4,4,4,4,4,4,4,4,4,4,4,4,4,4,4,4,4,4,4,4,4,4,4,4,4,4,4,4,4,4,4,5,6,7,7,8,9,9,10,11,11,14,14,15,15,16,16,18,18,19,19,19,20,20,20,21,21,21,21,21,22,22,22,22,22,22,22,24,24,25,25,25,25,27,27,27,27,27,29,31,33,34,35,37,38,40,42,43,44,45,50,54,59,61,61,61,61,61,73,81,82,84,87,94,97,102,106,108,115,120,126,129,139,146,156,169,175,182,191,203,218,223,234,244,257,267,274,287,287,298,298,305,315,326,337,347,359,372,384,396,410,425,439,454,466,480,489,501,519,535,553,572,613,613,635,656,677,697,719,771,771,791,813,836,859,906,906,930,955,1003,1003,1003,1003,1066,1089,1113,1139,1161,1182,1182,1232,1281,1281,1306,1332,1352,1376,1403,1429,1457,1484,1512,1533,1559,1613,1613,1668,1668,1692,1714,1742,1771,1796,1822,1848,1869,1888,1915,1943,1969,1997,2022,2049,2071,2095,2148,2148,2171,2196,2223,2270,2270,2298,2329,2358,2390,2418,2441,2472,2507,2562,2562,2594,2623,2647,2707,2734,2734,2757,2786,2843,2843,2870,2892,2914,2930,2951,2976,2990,3014,3042,3072,3095,3116,3141,3160,3184,3234,3234,3257,3279,3302,3322,3347,3373,3392,3442,3442,3463,3480,3506,3545,3564,3564,3587,3607,3624,3643,3663,3682,3704,3722,3743,3760,3776,3796,3813,3832,3848,3883,3883,3902,3920,3954,3954,3970,3998,4016,4016,4046,4046,4061,4089,4089,4105,4119,4136,4150,4164,4197,4210,4210,4226,4241,4255,4271,4271,4312,4312,4328,4342,4355,4355,4381,4396,4407,4422,4435,4450,4467,4482,4495,4507,4507,4527,4539,4553,4567,4567,4590,4606,4606,4632,4646,4668,4668,4694,4694,4710,4728,4750,4767,4783,4794,4836,4836,4856,4877,4904,4929,4978,4978,5000,5028,5055,5080,5110,5138,5170,5211,5259,5308,5356,5405,5450,5507,5565,5682,5682,5746,5879,5879,5958,6053,6150,6339,6339,6428,6428,6428,6852,6852,7170,7170,7358,7554,7731,7882,8063,8257,8455,8641,8815,9222,9222,9510,9510,9719,9946,10157,10437,10631,10631,10804,11181,11342,11508,11655,11743,11743,11948,12060,12060,12154,12295,12445,12699,12699,12817,12879,12989,13093,13093,13093,13093,13093,13093,13093,13093,13093,13093,13093,13093,13093,13093,13093,13093,13093,13093,13093,13093,13093,13093,13093,13093,13093,13093,13093,13093,13093,13093,13093,16781,16837,16955,17211,17211,17328,17515,17654,17747,17852,18004,18120,18280,18499,18601,18743,18870,19246,19246,19345,19494,19584,19584,19757,19972,20313,20313,20541,20541,20673,20673,20961,21280,21280,21496,21631,21631,21820,22001,22303,22303,22484,22551,22779,22779,22987,23165,23439,23439,23439,23439,23439,23439,24318,24438,24438,24438,24438,24438,24438,24438,24438,24438,24438,24438,25811,26072,26072,26173,26173,26173,26173,26173,26173,26173,26173,26173,26173
529963,IN.MH,Maharashtra,0,0,0,0,0,0,0,1,1,1,1,1,2,2,2,3,3,4,5,6,8,9,9,13,16,24,24,45,48,64,72,97,110,127,149,160,178,187,194,201,211,223,232,251,269,283,301,323,342,369,400,432,459,485,521,548,583,617,651,694,731,779,832,868,921,975,1019,1068,1135,1198,1249,1325,1390,1454,1517,1577,1635,1695,1792,1897,1982,2098,2197,2286,2362,2465,2587,2710,2849,2969,3060,3169,3289,3438,3590,3717,3830,3950,4128,5537,5651,5751,5893,5984,6170,6283,6531,6739,6931,7106,7273,7429,7610,7855,8053,8178,8376,8671,8822,9026,9250,9448,9667,9893,10116,10289,10482,10695,10928,11194,11452,11596,11854,12030,12276,12556,12854,13132,13389,13656,13656,13656,13656,13656,14994,15316,15576,15842,16142,16476,16792,17092,17367,17757,18050,18306,18650,19063,19427,19749,20037,20265,20687,21033,21359,21698,21995,22253,22465,22794,23089,23444,23775,24399,24399,24903,24903,25195,25586,25964,26276,26604,27027,27407,27787,28282,28724,29115,29531,29894,30409,30883,31351,31791,32216,32671,33015,33407,34345,34345,34761,35191,35571,35751,36181,37056,37056,37480,37758,38084,38347,39072,39072,39430,39732,40349,40349,40349,40349,40859,41196,41502,41965,42115,42240,42240,42633,43015,43015,43152,43264,43348,43463,43554,43710,43837,43911,44024,44128,44248,44804,44804,45115,45115,45240,45325,45435,45560,45682,45809,45914,45974,46034,46102,46202,46356,46511,46573,46623,46653,46683,46813,46813,46898,46986,47071,47246,47246,47357,47472,47599,47694,47734,47774,47827,47902,48059,48059,48139,48209,48269,48434,48499,48499,48574,48648,48801,48801,48876,48969,49058,49129,49189,49255,49305,49373,49463,49521,49580,49631,49666,49695,49759,49897,49897,49970,50027,50061,50101,50151,50221,50291,50388,50388,50438,50473,50523,50634,50684,50684,50740,50785,50815,50862,50894,50944,51000,51042,51082,51109,51139,51169,51215,51255,51280,51325,51325,51360,51390,51451,51451,51489,51552,51591,51591,51669,51669,51713,51788,51788,51806,51857,51937,51993,52041,52154,52184,52184,52238,52280,52340,52393,52393,52500,52500,52556,52610,52667,52667,52811,52861,52909,52996,53080,53138,53208,53300,53399,53457,53457,53684,53795,53907,54073,54073,54283,54422,54422,54898,55379,55878,55878,56330,56330,56652,57028,57329,57638,57987,58245,58804,58804,59153,59551,59970,60473,61343,61343,61911,62479,63252,63928,64760,65284,66179,67214,67985,68813,69615,70284,70851,71742,72662,74413,74413,75277,76398,76398,77191,78007,78857,80512,80512,81486,81486,81486,85355,85355,87300,87300,88620,89212,90349,91341,92225,93198,94030,94844,95344,96751,96751,98771,98771,99512,100130,100470,101833,103748,103748,106367,111104,112696,114154,115390,116026,116026,117356,117961,117961,118313,118795,119303,120370,120370,120881,121286,121573,121804,121804,121804,121804,121804,121804,121804,121804,121804,121804,121804,121804,121804,121804,121804,121804,121804,121804,121804,121804,121804,121804,121804,121804,121804,121804,121804,121804,121804,121804,121804,132791,132948,133038,133410,133410,133530,133717,133845,133996,134064,134201,134364,134572,134909,135039,135139,135255,135567,135567,135672,135962,136067,136067,136355,136571,136900,136900,137157,137157,137209,137209,137496,137643,137643,137774,137811,137811,137897,137962,138061,138061,138096,138142,138221,138221,138277,138322,138469,138469,138469,138469,138469,138469,138776,138834,138834,138834,138834,138834,138834,138834,138834,138834,138834,138834,139362,139470,139470,139514,139514,139514,139514,139514,139514,139514,139514,139514,139514
529964,IN.PB,Punjab,0,0,0,0,0,0,0,0,0,1,1,1,1,1,1,1,1,1,1,1,1,3,3,4,5,5,5,6,7,7,8,11,11,11,11,12,13,13,13,13,16,16,16,16,16,16,17,17,18,18,19,19,19,20,20,21,23,25,27,28,29,31,31,31,32,32,32,32,32,35,37,38,38,39,39,39,40,40,40,40,40,42,44,45,45,46,47,47,48,50,51,53,55,55,59,63,65,67,71,72,78,83,92,98,99,101,105,113,120,122,128,133,138,144,149,152,157,162,164,169,175,178,183,187,195,199,204,213,221,230,239,246,254,262,263,269,277,282,291,306,306,306,306,306,386,405,423,442,462,491,517,539,562,586,604,636,675,706,731,771,812,863,898,921,957,991,1036,1086,1129,1178,1219,1256,1307,1404,1404,1512,1512,1618,1690,1739,1808,1862,1923,1990,2061,2149,2212,2288,2356,2424,2514,2592,2646,2708,2757,2813,2860,2926,3066,3066,3134,3188,3238,3284,3359,3451,3451,3501,3562,3603,3641,3712,3712,3741,3773,3833,3833,3833,3833,3925,3954,3980,3999,4012,4029,4029,4060,4095,4095,4107,4117,4125,4138,4158,4168,4187,4203,4214,4227,4245,4281,4281,4310,4310,4318,4338,4358,4389,4412,4428,4428,4458,4480,4510,4541,4556,4572,4595,4614,4631,4653,4710,4710,4737,4765,4780,4821,4821,4842,4862,4882,4906,4916,4934,4964,4980,5036,5036,5057,5077,5098,5135,5150,5150,5170,5189,5212,5212,5230,5243,5260,5269,5281,5299,5312,5322,5331,5341,5349,5364,5376,5400,5404,5422,5422,5437,5439,5445,5447,5456,5463,5473,5499,5499,5504,5509,5516,5535,5543,5543,5553,5555,5560,5571,5581,5590,5601,5609,5615,5616,5628,5628,5635,5635,5640,5653,5653,5661,5675,5690,5690,5694,5707,5712,5712,5732,5732,5740,5754,5754,5769,5779,5786,5799,5814,5832,5850,5850,5860,5872,5887,5898,5898,5941,5941,5961,5978,5996,5996,6052,6072,6099,6137,6172,6204,6242,6280,6324,6382,6382,6474,6517,6576,6621,6621,6749,6813,6813,6926,6983,7083,7083,7216,7216,7278,7334,7390,7448,7507,7559,7672,7672,7722,7772,7834,7902,8045,8045,8114,8189,8264,8356,8432,8530,8630,8772,8909,9022,9160,9317,9472,9645,9825,10144,10144,10315,10704,10704,10918,11111,11297,11693,11693,11895,11895,11895,12716,12716,13089,13089,13281,13468,13642,13827,14004,14180,14305,14432,14550,14748,14748,14927,14927,15009,15076,15160,15293,15367,15367,15435,15562,15602,15650,15698,15738,15738,15802,15826,15826,15854,15888,15923,15956,15956,15979,15991,16011,16033,16033,16033,16033,16033,16033,16033,16033,16033,16033,16033,16033,16033,16033,16033,16033,16033,16033,16033,16033,16033,16033,16033,16033,16033,16033,16033,16033,16033,16033,16033,16293,16294,16294,16299,16299,16301,16312,16313,16316,16320,16322,16325,16334,16340,16342,16344,16345,16347,16347,16351,16352,16353,16353,16355,16358,16364,16364,16369,16369,16373,16373,16434,16437,16437,16439,16444,16444,16447,16449,16453,16453,16453,16453,16464,16464,16464,16467,16467,16467,16467,16467,16467,16467,16504,16505,16505,16505,16505,16505,16505,16505,16505,16505,16505,16505,16526,16529,16529,16529,16529,16529,16529,16529,16529,16529,16529,16529,16529
529965,IN.RJ,Rajasthan,0,0,0,0,0,0,0,0,0,0,0,0,0,0,0,0,0,0,0,0,0,0,0,0,0,0,0,0,3,3,3,3,3,3,3,3,3,3,11,11,11,14,25,25,27,27,27,33,41,46,51,51,58,62,65,71,77,89,92,97,101,106,107,113,117,121,125,125,126,131,138,143,147,151,153,160,163,167,170,173,180,184,193,194,198,203,209,213,218,231,240,246,255,259,265,272,282,292,301,308,313,323,333,337,349,356,365,375,379,380,391,399,405,413,421,430,440,447,456,461,472,482,491,497,503,510,525,525,530,538,546,553,559,568,577,583,594,602,613,621,621,621,621,621,674,690,703,715,732,745,757,767,778,789,800,811,822,833,846,862,876,887,898,910,921,933,944,955,967,980,992,1005,1017,1043,1043,1069,1069,1081,1095,1108,1122,1137,1151,1164,1178,1192,1207,1221,1236,1250,1264,1279,1293,1308,1322,1336,1352,1367,1397,1397,1412,1426,1441,1456,1471,1500,1500,1516,1530,1545,1559,1590,1590,1605,1621,1650,1650,1650,1650,1694,1708,1723,1735,1748,1760,1760,1788,1814,1814,1826,1839,1853,1867,1877,1888,1898,1907,1917,1926,1936,1955,1955,1979,1979,1989,1998,2008,2019,2032,2044,2056,2066,2078,2089,2101,2116,2130,2146,2163,2181,2200,2237,2237,2255,2274,2292,2331,2331,2350,2370,2389,2409,2429,2448,2468,2485,2514,2514,2528,2542,2555,2578,2589,2589,2599,2608,2626,2626,2634,2642,2650,2657,2664,2670,2677,2683,2689,2696,2700,2705,2710,2714,2719,2727,2727,2727,2731,2734,2736,2739,2742,2744,2746,2746,2747,2750,2752,2756,2756,2756,2758,2758,2760,2760,2761,2763,2765,2766,2766,2766,2768,2770,2771,2771,2772,2774,2774,2774,2777,2780,2780,2781,2781,2781,2781,2783,2783,2784,2785,2785,2785,2785,2785,2785,2786,2787,2787,2787,2787,2787,2788,2789,2789,2789,2789,2789,2789,2789,2789,2789,2790,2790,2791,2791,2794,2796,2796,2798,2803,2803,2808,2808,2811,2811,2811,2813,2813,2813,2822,2824,2829,2829,2854,2854,2866,2866,2898,2916,2926,2951,3008,3008,3041,3072,3109,3151,3268,3268,3330,3389,3453,3527,3601,3685,3806,3926,4084,4239,4399,4558,4712,4866,5021,5346,5346,5506,5825,5825,5994,6158,6317,6621,6621,6777,6777,6777,7346,7346,7590,7590,7703,7806,7911,8018,8103,8181,8251,8317,8385,8515,8515,8599,8599,8631,8656,8687,8749,8772,8772,8799,8822,8842,8856,8865,8875,8875,8891,8895,8895,8901,8904,8905,8905,8905,8910,8914,8916,8918,8918,8918,8918,8918,8918,8918,8918,8918,8918,8918,8918,8918,8918,8918,8918,8918,8918,8918,8918,8918,8918,8918,8918,8918,8918,8918,8918,8918,8918,8918,8954,8954,8954,8954,8954,8954,8954,8954,8954,8954,8954,8954,8954,8954,8954,8954,8954,8954,8954,8954,8954,8954,8954,8954,8954,8954,8954,8954,8954,8954,8954,8954,8954,8954,8954,8954,8954,8954,8954,8954,8954,8954,8954,8954,8954,8954,8954,8954,8954,8954,8954,8954,8954,8954,8954,8954,8954,8954,8954,8954,8954,8954,8954,8954,8954,8954,8954,8954,8954,8954,8954,8954,8954,8954,8954,8954,8954,8954
529966,IN.TN,Tamil Nadu,0,0,0,0,0,0,0,0,0,0,0,0,0,0,0,0,1,1,1,1,1,1,1,1,1,2,3,5,5,7,8,8,8,10,11,11,12,14,15,15,15,15,17,18,18,20,22,23,24,24,25,27,27,28,29,30,31,33,35,37,40,44,47,53,61,64,66,71,74,78,81,84,87,94,98,103,111,118,127,133,145,154,160,173,184,197,208,220,232,251,269,286,307,326,349,367,397,435,479,528,576,625,666,704,757,794,833,866,911,957,1025,1079,1141,1201,1264,1321,1385,1450,1510,1571,1636,1700,1765,1829,1898,1966,2032,2099,2167,2236,2315,2403,2481,2551,2626,3144,3232,3320,3409,3494,3494,3494,3494,3494,3935,4034,4132,4241,4349,4461,4571,4690,4808,4927,5041,5159,5278,5397,5514,5641,5766,5886,6007,6123,6239,6340,6420,6517,6614,6721,6839,6948,7050,7231,7231,7418,7418,7516,7608,7687,7748,7836,7925,8012,8090,8154,8231,8307,8381,8434,8502,8559,8618,8685,8751,8811,8871,8947,9076,9076,9148,9233,9313,9383,9453,9586,9586,9653,9718,9784,9846,9984,9984,10052,10120,10252,10252,10252,10252,10423,10472,10529,10586,10642,10691,10691,10780,10858,10858,10893,10924,10956,10983,11018,11053,11091,11122,11152,11183,11214,11272,11272,11324,11324,11344,11362,11387,11415,11440,11454,11466,11478,11495,11513,11531,11550,11568,11586,11605,11622,11639,11669,11669,11681,11694,11703,11722,11722,11733,11747,11762,11777,11793,11809,11822,11836,11870,11870,11883,11895,11909,11931,11942,11942,11954,11968,11995,11995,12012,12024,12036,12048,12059,12069,12080,12092,12109,12122,12135,12146,12156,12166,12177,12200,12200,12208,12215,12222,12228,12236,12242,12246,12257,12257,12264,12272,12281,12299,12307,12307,12309,12316,12320,12325,12333,12339,12345,12350,12356,12363,12367,12371,12375,12379,12382,12387,12387,12391,12396,12408,12408,12413,12425,12432,12432,12444,12444,12451,12460,12460,12466,12472,12478,12483,12488,12496,12501,12501,12502,12504,12508,12513,12513,12521,12521,12525,12530,12535,12535,12543,12547,12551,12556,12564,12573,12582,12590,12599,12609,12609,12630,12641,12650,12659,12659,12684,12700,12700,12738,12750,12778,12778,12804,12804,12821,12840,12863,12886,12908,12927,12970,12970,12999,13032,13071,13113,13205,13205,13258,13317,13395,13475,13557,13651,13728,13826,13933,14046,14193,14346,14468,14612,14779,15171,15171,15412,15880,15880,16178,16471,16768,17359,17359,17670,17670,17670,19131,19131,20046,20046,20468,20872,21340,21815,22289,22775,23261,23754,24232,25205,25205,26128,26128,26571,27005,27356,28170,28528,28528,28906,29547,29801,30068,30338,30548,30548,31015,31197,31197,31386,31580,31746,32051,32051,32199,32290,32388,32506,32506,32506,32506,32506,32506,32506,32506,32506,32506,32506,32506,32506,32506,32506,32506,32506,32506,32506,32506,32506,32506,32506,32506,32506,32506,32506,32506,32506,32506,32506,34076,34102,34130,34197,34197,34230,34260,34289,34317,34340,34367,34395,34428,34496,34519,34547,34579,34639,34639,34663,34709,34734,34734,34761,34788,34835,34835,34878,34878,34899,34899,34941,34980,34980,35018,35036,35036,35055,35073,35119,35119,35146,35168,35217,35217,35246,35271,35310,35310,35310,35310,35310,35310,35454,35476,35476,35476,35476,35476,35476,35476,35476,35476,35476,35476,35707,35754,35754,35768,35768,35768,35768,35768,35768,35768,35768,35768,35768
529967,IN.TG,Telangana,0,0,0,0,0,0,0,0,0,0,0,0,0,0,0,0,0,0,0,1,1,1,3,3,7,7,7,7,7,7,7,7,9,9,16,17,18,18,18,18,18,21,23,23,24,26,26,26,26,26,26,26,26,26,28,29,29,29,29,29,29,30,30,30,32,34,34,34,34,34,35,38,40,45,45,49,53,56,57,63,67,71,77,82,88,92,99,105,113,123,137,142,148,156,165,174,182,185,187,191,192,195,198,203,210,217,220,225,230,237,243,247,253,260,267,275,283,288,295,306,313,324,331,339,348,356,365,375,386,396,403,409,415,422,429,438,447,455,455,463,463,463,463,463,519,530,540,563,576,589,601,615,627,637,645,654,665,674,684,693,703,711,719,729,737,744,755,761,770,780,788,799,808,827,827,846,846,856,866,877,886,895,906,916,927,940,950,961,974,984,996,1005,1016,1025,1033,1042,1052,1062,1080,1080,1091,1100,1107,1116,1127,1145,1145,1153,1163,1171,1181,1201,1201,1208,1217,1228,1228,1228,1228,1249,1256,1265,1271,1275,1282,1282,1292,1303,1303,1307,1311,1315,1319,1324,1330,1336,1341,1348,1351,1357,1366,1366,1377,1377,1381,1385,1390,1393,1397,1401,1404,1407,1410,1415,1419,1423,1426,1430,1433,1437,1441,1448,1448,1451,1455,1458,1462,1462,1465,1467,1470,1472,1474,1477,1480,1482,1489,1489,1493,1496,1499,1505,1506,1506,1510,1513,1518,1518,1522,1524,1527,1529,1531,1533,1535,1538,1541,1544,1546,1549,1551,1554,1556,1561,1561,1563,1565,1566,1568,1571,1572,1574,1577,1577,1579,1581,1583,1586,1588,1588,1589,1590,1592,1593,1594,1596,1598,1599,1601,1602,1604,1606,1607,1608,1610,1612,1612,1613,1613,1614,1614,1616,1619,1620,1620,1623,1623,1623,1625,1625,1627,1629,1630,1632,1633,1634,1635,1635,1635,1637,1639,1640,1640,1644,1644,1646,1649,1650,1650,1653,1654,1656,1659,1662,1664,1666,1669,1671,1674,1674,1680,1683,1685,1688,1688,1694,1697,1697,1706,1712,1723,1723,1734,1734,1741,1746,1752,1759,1765,1772,1788,1788,1797,1809,1824,1838,1876,1876,1899,1928,1961,1999,2042,2094,2150,2208,2261,2312,2368,2417,2476,2527,2579,2666,2666,2704,2771,2771,2803,2834,2867,2928,2928,2955,2955,2955,3060,3060,3106,3106,3125,3146,3169,3189,3207,3226,3247,3263,3281,3313,3313,3346,3346,3364,3378,3394,3426,3440,3440,3456,3484,3496,3510,3521,3534,3534,3556,3567,3567,3576,3586,3598,3618,3618,3627,3635,3644,3651,3651,3651,3651,3651,3651,3651,3651,3651,3651,3651,3651,3651,3651,3651,3651,3651,3651,3651,3651,3651,3651,3651,3651,3651,3651,3651,3651,3651,3651,3651,3802,3805,3807,3814,3814,3817,3819,3823,3825,3828,3831,3833,3836,3841,3842,3845,3847,3852,3852,3854,3858,3861,3861,3862,3864,3867,3867,3870,3870,3872,3872,3876,3880,3880,3884,3886,3886,3888,3889,3892,3892,3893,3895,3898,3898,3899,3900,3903,3903,3903,3903,3903,3903,3911,3912,3912,3912,3912,3912,3912,3912,3912,3912,3912,3912,3925,3927,3927,3929,3929,3929,3929,3929,3929,3929,3929,3929,3929
529968,IN.JK,Jammu and Kashmir,0,0,0,0,0,0,0,0,0,0,0,0,0,0,0,0,0,1,1,2,2,2,2,2,2,2,2,2,2,2,4,4,4,4,4,4,4,4,4,5,5,5,5,5,5,5,5,6,6,7,8,8,8,8,8,8,8,8,8,9,9,9,9,10,10,11,11,11,12,13,15,17,18,20,20,21,21,23,24,26,27,28,28,28,31,33,34,35,36,39,41,45,48,51,52,53,55,59,62,63,65,71,75,81,82,85,87,88,90,91,93,94,95,101,105,115,119,127,132,138,143,149,154,159,169,179,187,195,206,222,231,236,244,254,263,273,282,296,305,312,312,312,312,312,377,388,396,407,417,426,436,449,459,472,478,490,498,509,520,527,542,548,561,572,578,593,608,617,624,638,657,671,678,694,694,717,717,732,743,755,770,784,801,815,832,845,854,864,878,895,914,932,951,966,987,1001,1024,1042,1084,1084,1105,1125,1132,1146,1164,1198,1198,1212,1231,1242,1252,1282,1282,1291,1306,1322,1322,1322,1322,1352,1358,1366,1372,1379,1388,1388,1402,1424,1424,1430,1438,1444,1451,1455,1466,1471,1478,1482,1490,1502,1517,1517,1528,1528,1533,1542,1549,1558,1566,1574,1580,1589,1597,1604,1613,1618,1622,1624,1629,1641,1651,1668,1668,1676,1680,1685,1702,1702,1708,1718,1730,1742,1746,1755,1761,1767,1786,1786,1793,1799,1802,1817,1826,1826,1833,1837,1844,1844,1850,1853,1860,1861,1867,1867,1875,1879,1880,1883,1884,1885,1886,1891,1897,1903,1903,1907,1909,1910,1911,1912,1912,1915,1921,1921,1921,1922,1923,1924,1928,1928,1929,1929,1929,1930,1931,1932,1933,1936,1936,1936,1938,1941,1943,1944,1944,1944,1944,1944,1945,1948,1948,1949,1951,1951,1951,1954,1954,1954,1954,1954,1954,1955,1955,1955,1956,1957,1958,1958,1958,1958,1959,1960,1960,1963,1963,1965,1968,1969,1969,1974,1974,1974,1976,1977,1978,1979,1980,1981,1981,1981,1983,1983,1984,1985,1985,1989,1990,1990,1998,2003,2008,2008,2012,2012,2018,2019,2023,2029,2034,2034,2042,2042,2046,2048,2051,2057,2071,2071,2084,2092,2111,2126,2147,2172,2197,2227,2253,2283,2330,2370,2421,2458,2510,2612,2612,2672,2782,2782,2847,2912,2967,3090,3090,3149,3149,3149,3422,3422,3513,3513,3564,3609,3662,3702,3739,3795,3841,3870,3907,3963,3963,4026,4026,4051,4074,4090,4118,4143,4143,4160,4186,4195,4205,4217,4226,4226,4238,4252,4252,4262,4269,4273,4291,4291,4296,4304,4310,4316,4316,4316,4316,4316,4316,4316,4316,4316,4316,4316,4316,4316,4316,4316,4316,4316,4316,4316,4316,4316,4316,4316,4316,4316,4316,4316,4316,4316,4316,4316,4378,4379,4381,4385,4385,4386,4386,4386,4389,4390,4392,4393,4395,4395,4397,4398,4399,4400,4400,4401,4402,4403,4403,4404,4404,4405,4405,4407,4407,4407,4407,4409,4409,4409,4410,4410,4410,4410,4411,4412,4412,4412,4414,4414,4414,4415,4415,4416,4416,4416,4416,4416,4416,4420,4421,4421,4421,4421,4421,4421,4421,4421,4421,4421,4421,4426,4426,4426,4426,4426,4426,4426,4426,4426,4426,4426,4426,4426
529969,IN.UP,Uttar Pradesh,0,0,0,0,0,0,0,0,0,0,0,0,0,0,0,0,0,0,0,0,0,0,2,2,2,2,2,3,3,3,4,4,4,5,5,5,11,13,14,14,17,17,20,21,21,24,26,29,31,31,36,39,41,43,43,45,53,56,60,62,66,74,74,80,82,83,88,95,104,104,118,123,127,138,152,155,161,165,170,182,197,198,201,213,217,222,229,245,257,257,275,283,301,321,345,365,385,399,399,417,435,465,488,507,550,569,588,596,611,630,649,660,672,697,718,735,749,773,785,809,827,845,862,889,913,934,955,983,1012,1046,1084,1108,1146,1192,1229,1263,1289,1348,1387,1426,1426,1426,1426,1426,1630,1677,1730,1778,1817,1857,1918,1981,2028,2069,2120,2176,2230,2280,2335,2393,2449,2515,2585,2638,2733,2797,2867,2926,2987,3059,3149,3217,3294,3423,3423,3542,3542,3616,3691,3762,3843,3920,3976,4047,4112,4206,4282,4349,4429,4491,4604,4690,4771,4869,4953,5047,5135,5212,5366,5366,5450,5517,5594,5652,5715,5864,5864,5917,5977,6029,6092,6200,6200,6245,6293,6394,6394,6394,6394,6507,6543,6589,6629,6658,6685,6685,6755,6830,6830,6854,6882,6904,6940,6958,6983,7007,7025,7051,7076,7089,7131,7131,7180,7180,7206,7231,7261,7281,7302,7327,7354,7372,7393,7412,7441,7480,7500,7524,7559,7582,7615,7674,7674,7697,7718,7742,7788,7788,7817,7848,7877,7900,7924,7944,7967,7987,8025,8025,8056,8072,8083,8118,8136,8136,8154,8177,8212,8212,8224,8245,8267,8279,8293,8306,8322,8340,8352,8364,8379,8387,8403,8413,8433,8452,8452,8469,8481,8495,8504,8514,8529,8543,8570,8570,8576,8580,8584,8597,8605,8605,8609,8617,8624,8632,8636,8642,8646,8650,8658,8662,8668,8674,8680,8682,8686,8691,8691,8691,8696,8698,8698,8699,8704,8704,8704,8709,8709,8712,8715,8715,8716,8718,8721,8723,8725,8725,8727,8727,8728,8728,8729,8729,8729,8738,8738,8740,8740,8741,8741,8745,8746,8748,8750,8751,8753,8757,8758,8759,8760,8760,8769,8773,8779,8783,8783,8790,8800,8800,8820,8836,8881,8881,8924,8924,8964,9003,9039,9085,9152,9224,9376,9376,9480,9583,9703,9830,10159,10159,10346,10541,10737,10959,11165,11414,11678,11943,12238,12570,12874,13162,13447,13798,14151,14873,14873,15170,15742,15742,16043,16369,16646,17238,17238,17546,17546,17546,18588,18588,18978,18978,19209,19362,19519,19712,19899,20053,20208,20346,20497,20787,20787,21031,21031,21151,21236,21333,21516,21597,21597,21667,21786,21858,21914,21963,22030,22030,22132,22178,22178,22224,22282,22336,22381,22381,22443,22518,22559,22577,22577,22577,22577,22577,22577,22577,22577,22577,22577,22577,22577,22577,22577,22577,22577,22577,22577,22577,22577,22577,22577,22577,22577,22577,22577,22577,22577,22577,22577,22577,22756,22763,22763,22767,22767,22770,22771,22773,22773,22774,22775,22776,22780,22783,22784,22785,22786,22789,22789,22791,22792,22792,22792,22794,22794,22796,22796,22818,22818,22820,22820,22825,22854,22854,22856,22861,22861,22863,22863,22864,22864,22874,22883,22884,22884,22885,22886,22887,22887,22887,22887,22887,22887,22890,22890,22890,22890,22890,22890,22890,22890,22890,22890,22890,22890,22896,22896,22896,22896,22896,22896,22896,22896,22896,22896,22896,22896,22896
529970,IN.AP,Andhra Pradesh,0,0,0,0,0,0,0,0,0,0,0,0,0,0,0,0,0,0,0,0,0,0,0,1,1,1,1,3,3,4,4,6,6,6,7,9,9,14,14,15,15,20,22,24,27,29,31,31,31,31,31,31,33,33,33,36,36,36,36,38,41,44,45,45,46,47,48,48,49,50,50,52,53,53,55,56,56,56,57,58,59,60,60,62,64,64,68,71,73,73,75,75,77,78,80,80,82,84,88,88,90,92,96,101,106,111,119,124,136,148,157,169,180,187,193,198,206,218,232,239,252,264,277,292,309,328,365,408,452,492,534,586,642,696,758,823,884,933,985,1041,1041,1041,1041,1041,1349,1407,1474,1537,1604,1681,1753,1842,1939,2036,2116,2203,2296,2378,2475,2562,2650,2732,2820,2906,3001,3092,3189,3282,3368,3460,3541,3633,3714,3884,3884,4053,4053,4125,4200,4276,4347,4417,4487,4560,4634,4702,4779,4846,4912,4972,5041,5105,5177,5244,5302,5359,5410,5461,5558,5558,5606,5663,5708,5745,5780,5869,5869,5900,5941,5981,6019,6086,6086,6128,6159,6224,6224,6224,6224,6319,6357,6382,6406,6429,6453,6453,6508,6544,6544,6566,6587,6606,6625,6643,6659,6676,6690,6706,6719,6734,6757,6757,6779,6779,6791,6802,6814,6828,6837,6847,6854,6868,6881,6890,6899,6910,6920,6927,6938,6948,6956,6970,6970,6976,6981,6988,6996,6996,7003,7014,7020,7024,7033,7038,7042,7045,7049,7049,7052,7057,7059,7067,7069,7069,7070,7074,7078,7078,7082,7085,7089,7091,7092,7094,7098,7100,7104,7108,7108,7111,7115,7118,7122,7126,7126,7127,7128,7129,7131,7133,7134,7138,7139,7139,7140,7141,7142,7142,7146,7146,7147,7147,7149,7150,7152,7152,7152,7153,7153,7154,7156,7157,7157,7158,7159,7160,7160,7160,7161,7162,7162,7162,7163,7163,7163,7166,7166,7167,7167,7167,7167,7168,7168,7168,7169,7169,7169,7169,7169,7170,7171,7172,7172,7176,7176,7176,7177,7179,7179,7182,7184,7185,7185,7186,7186,7187,7189,7189,7191,7191,7197,7201,7203,7203,7203,7210,7213,7213,7220,7225,7239,7239,7251,7251,7262,7268,7279,7291,7300,7311,7339,7339,7353,7373,7388,7410,7472,7472,7510,7541,7579,7616,7685,7736,7800,7871,7928,7992,8053,8136,8207,8289,8374,8519,8519,8615,8791,8791,8899,8988,9077,9271,9271,9372,9372,9372,9800,9800,10022,10022,10126,10222,10328,10427,10531,10634,10738,10832,10930,11132,11132,11296,11296,11376,11466,11552,11696,11763,11763,11824,11940,11999,12052,12109,12167,12167,12269,12319,12319,12363,12416,12452,12528,12528,12566,12599,12630,12671,12671,12671,12671,12671,12671,12671,12671,12671,12671,12671,12671,12671,12671,12671,12671,12671,12671,12671,12671,12671,12671,12671,12671,12671,12671,12671,12671,12671,12671,12671,13377,13395,13410,13444,13444,13468,13490,13513,13531,13549,13564,13582,13595,13631,13647,13660,13671,13696,13696,13702,13723,13735,13735,13750,13766,13788,13788,13825,13825,13838,13838,13867,13887,13887,13911,13925,13925,13935,13950,13970,13970,13987,13998,14019,14019,14030,14044,14061,14061,14061,14061,14061,14061,14118,14125,14125,14125,14125,14125,14125,14125,14125,14125,14125,14125,14228,14242,14242,14250,14250,14250,14250,14250,14250,14250,14250,14250,14250
529971,IN.UT,Uttarakhand,0,0,0,0,0,0,0,0,0,0,0,0,0,0,0,0,0,0,0,0,0,0,0,0,0,0,0,0,0,0,0,0,0,0,0,0,0,0,0,0,0,0,0,0,0,0,0,0,0,0,0,0,0,0,0,1,1,1,1,1,1,1,1,1,1,1,1,1,1,1,1,1,1,1,1,2,3,3,4,4,4,5,5,5,6,7,8,10,11,11,13,13,13,15,15,21,23,24,24,25,26,26,26,27,27,28,30,35,36,37,37,38,39,41,41,42,42,42,42,42,43,46,46,46,46,47,49,50,50,50,51,52,52,55,55,57,60,60,63,63,63,63,63,63,80,83,86,90,95,98,98,112,117,125,134,136,140,143,147,151,152,158,164,178,187,192,195,200,207,213,219,228,239,257,257,280,280,291,300,312,330,341,348,360,372,377,388,402,414,429,438,447,460,464,478,491,501,512,542,542,555,566,574,580,591,625,625,636,648,652,669,688,688,702,716,747,747,747,747,796,814,829,924,927,933,933,960,979,979,984,993,1001,1007,1009,1009,1011,1023,1027,1029,1033,1047,1047,1063,1063,1065,1075,1080,1086,1093,1097,1102,1107,1116,1119,1128,1133,1138,1146,1155,1162,1173,1196,1196,1201,1214,1222,1238,1238,1251,1263,1273,1281,1285,1295,1307,1320,1341,1341,1351,1355,1361,1375,1384,1384,1399,1408,1426,1426,1439,1447,1458,1463,1476,1483,1489,1495,1504,1509,1515,1522,1527,1535,1544,1555,1555,1562,1568,1573,1578,1589,1593,1596,1606,1606,1611,1617,1619,1626,1629,1629,1629,1631,1635,1636,1639,1642,1642,1643,1644,1648,1651,1655,1659,1662,1664,1671,1671,1673,1673,1678,1678,1680,1680,1682,1682,1684,1684,1686,1687,1687,1689,1690,1690,1690,1691,1692,1692,1692,1692,1692,1692,1694,1694,1695,1695,1695,1697,1698,1698,1702,1703,1704,1704,1704,1704,1704,1704,1704,1704,1704,1706,1707,1708,1709,1709,1711,1713,1713,1719,1721,1727,1727,1736,1736,1741,1744,1749,1752,1760,1767,1793,1793,1802,1819,1856,1868,1919,1919,1953,1972,2021,2102,2146,2213,2309,2417,2502,2624,2731,2802,2930,3015,3142,3430,3430,3548,3896,3896,4014,4123,4245,4623,4623,4811,4811,4811,5484,5484,5734,5734,5805,5927,6020,6113,6201,6261,6360,6401,6452,6535,6535,6631,6631,6664,6699,6731,6849,6878,6878,6909,6935,6960,6985,6997,7011,7011,7026,7035,7035,7044,7052,7068,7083,7083,7086,7088,7092,7095,7095,7095,7095,7095,7095,7095,7095,7095,7095,7095,7095,7095,7095,7095,7095,7095,7095,7095,7095,7095,7095,7095,7095,7095,7095,7095,7095,7095,7095,7095,7362,7362,7363,7366,7366,7366,7367,7367,7367,7368,7368,7369,7369,7370,7370,7371,7373,7376,7376,7376,7377,7377,7377,7377,7377,7380,7380,7380,7380,7381,7381,7387,7387,7387,7388,7388,7388,7389,7389,7389,7389,7389,7389,7389,7389,7389,7389,7390,7390,7390,7390,7390,7390,7393,7393,7393,7393,7393,7393,7393,7393,7393,7393,7393,7393,7396,7396,7396,7396,7396,7396,7396,7396,7396,7396,7396,7396,7396
529972,IN.OR,Odisha,0,0,0,0,0,0,0,0,0,0,0,0,0,0,0,0,0,0,0,0,0,0,0,0,0,0,0,0,1,1,1,1,1,1,1,1,1,1,1,1,1,1,1,1,1,1,1,1,1,1,1,1,1,1,1,1,1,1,2,2,2,2,3,3,3,3,3,3,3,4,4,5,6,7,7,7,7,7,7,7,7,7,7,7,7,7,7,7,8,8,9,9,9,9,9,10,10,11,11,11,11,11,11,12,14,15,17,17,17,17,18,21,23,25,25,27,29,34,36,38,42,48,52,56,61,64,70,74,77,79,83,86,91,97,103,108,114,120,130,140,140,140,140,140,177,187,197,207,216,225,235,247,259,272,286,296,305,314,324,333,343,353,362,372,380,390,399,409,419,428,441,448,456,482,482,503,503,514,522,531,538,546,556,569,580,591,605,616,626,637,645,656,669,682,691,701,710,721,752,752,767,783,797,813,828,859,859,875,892,907,924,958,958,974,991,1022,1022,1022,1022,1062,1089,1104,1121,1135,1152,1152,1181,1214,1214,1229,1245,1259,1272,1284,1297,1308,1320,1331,1340,1352,1378,1378,1410,1410,1425,1441,1454,1469,1483,1495,1510,1527,1543,1560,1575,1592,1608,1625,1640,1657,1671,1704,1704,1718,1730,1734,1744,1744,1750,1755,1760,1765,1771,1778,1784,1789,1798,1798,1802,1807,1811,1820,1825,1825,1829,1832,1839,1839,1843,1846,1850,1853,1857,1861,1864,1868,1871,1873,1876,1880,1883,1885,1887,1888,1888,1890,1891,1891,1892,1894,1895,1896,1899,1899,1900,1901,1902,1903,1903,1903,1904,1905,1906,1906,1906,1906,1906,1906,1906,1906,1906,1906,1907,1908,1909,1910,1910,1910,1910,1910,1910,1910,1911,1912,1912,1913,1913,1914,1914,1914,1914,1914,1914,1915,1915,1916,1916,1916,1917,1917,1917,1917,1917,1917,1917,1917,1917,1917,1917,1918,1918,1918,1918,1918,1918,1918,1918,1919,1919,1919,1919,1919,1919,1920,1920,1921,1921,1921,1921,1921,1922,1922,1922,1922,1923,1923,1924,1926,1926,1928,1933,1933,1935,1938,1942,1944,1953,1953,1958,1965,1973,1981,1988,1997,2007,2017,2029,2043,2054,2068,2073,2088,2104,2140,2140,2161,2197,2197,2215,2232,2251,2294,2294,2313,2313,2313,2403,2403,2456,2456,2484,2516,2549,2584,2618,2651,2686,2719,2754,2831,2831,2912,2912,2952,2994,3035,3123,3167,3167,3210,3302,3346,3388,3432,3471,3471,3550,3590,3590,3633,3671,3717,3801,3801,3848,3887,3930,3970,3970,3970,3970,3970,3970,3970,3970,3970,3970,3970,3970,3970,3970,3970,3970,3970,3970,3970,3970,3970,3970,3970,3970,3970,3970,3970,3970,3970,3970,3970,5902,5966,6033,6168,6168,6236,6302,6366,6435,6501,6565,6630,6697,6823,6887,6953,7021,7154,7154,7223,7358,7426,7426,7493,7562,7697,7697,7834,7834,7901,7901,8022,8035,8035,8047,8055,8055,8062,8070,8084,8084,8092,8098,8108,8108,8114,8118,8128,8128,8128,8128,8128,8128,8163,8170,8170,8170,8170,8170,8170,8170,8170,8170,8170,8170,8227,8238,8238,8242,8242,8242,8242,8242,8242,8242,8242,8242,8242
529973,IN.PY,Puducherry,0,0,0,0,0,0,0,0,0,0,0,0,0,0,0,0,0,0,0,0,0,0,0,0,0,0,0,0,0,0,0,0,0,0,0,0,0,0,0,0,0,0,0,0,0,0,0,0,0,0,0,0,0,0,0,0,0,0,0,0,0,0,0,0,1,1,1,1,1,1,1,1,0,0,0,0,0,0,0,0,0,0,0,0,0,0,0,0,0,0,0,0,0,0,2,2,2,5,5,6,7,7,7,7,8,8,9,9,9,9,10,10,10,12,12,12,12,12,12,12,14,14,14,17,18,18,18,18,21,22,25,28,28,29,30,31,34,35,38,40,40,40,40,40,49,51,52,56,58,65,70,75,80,87,89,91,96,102,106,106,110,114,123,129,137,143,151,159,164,172,180,190,199,221,221,240,240,253,260,280,298,314,325,337,347,353,365,370,385,394,405,418,431,462,462,462,467,473,487,487,494,500,513,515,517,525,525,532,534,539,543,551,551,556,558,563,563,563,563,568,570,571,574,574,575,575,580,584,584,586,588,588,588,590,592,592,592,595,595,596,597,597,600,600,601,602,604,605,607,608,608,608,608,608,608,609,609,609,609,609,609,609,609,609,609,609,611,611,612,613,614,614,614,615,615,615,619,619,619,619,620,622,622,622,623,624,627,627,629,629,629,629,630,631,631,633,633,633,633,633,633,635,635,636,636,636,636,638,638,639,639,640,642,642,642,643,643,643,643,643,644,645,645,645,646,647,647,647,648,651,651,652,652,654,654,655,655,655,656,656,656,656,658,658,658,660,660,662,663,663,663,665,666,667,667,668,669,669,669,669,669,669,669,670,670,670,670,670,670,670,671,672,673,673,674,674,674,675,676,676,679,679,679,680,680,681,682,682,683,684,684,684,686,686,687,687,687,689,691,693,698,698,699,702,705,708,717,717,722,726,728,737,748,758,771,781,793,805,817,833,848,865,883,920,920,939,988,988,1018,1045,1069,1119,1119,1151,1151,1151,1269,1269,1325,1325,1359,1382,1408,1435,1455,1476,1497,1518,1536,1567,1567,1601,1601,1613,1628,1638,1648,1657,1657,1668,1684,1691,1696,1702,1710,1710,1720,1723,1723,1726,1727,1731,1739,1739,1741,1744,1745,1748,1748,1748,1748,1748,1748,1748,1748,1748,1748,1748,1748,1748,1748,1748,1748,1748,1748,1748,1748,1748,1748,1748,1748,1748,1748,1748,1748,1748,1748,1748,1795,1795,1795,1798,1798,1798,1799,1800,1800,1800,1800,1801,1803,1804,1805,1805,1805,1806,1806,1806,1808,1808,1808,1809,1809,1809,1809,1812,1812,1812,1812,1813,1815,1815,1817,1818,1818,1819,1819,1820,1820,1821,1823,1823,1823,1825,1827,1829,1829,1829,1829,1829,1829,1834,1836,1836,1836,1836,1836,1836,1836,1836,1836,1836,1836,1844,1845,1845,1846,1846,1846,1846,1846,1846,1846,1846,1846,1846
529974,IN.WB,West Bengal,0,0,0,0,0,0,0,0,0,0,0,0,0,1,1,1,1,1,1,1,1,2,3,3,3,3,3,3,3,5,5,5,5,5,7,7,7,7,10,10,12,12,12,15,15,15,18,18,20,20,22,22,33,33,33,35,133,140,144,151,160,171,185,190,198,207,215,225,232,238,244,250,253,259,265,269,272,278,283,289,295,302,309,317,325,335,345,355,366,383,396,405,415,432,442,451,463,475,485,495,506,518,529,540,555,569,580,591,606,616,629,639,653,668,683,699,717,736,757,779,804,827,854,880,906,932,956,980,1000,1023,1049,1076,1112,1147,1182,1221,1255,1290,1332,1372,1372,1372,1372,1372,1581,1629,1678,1731,1785,1846,1902,1954,2005,2059,2100,2149,2203,2259,2319,2377,2428,2473,2528,2581,2634,2689,2737,2794,2851,2909,2964,3017,3073,3176,3176,3283,3283,3339,3394,3452,3510,3562,3620,3677,3730,3771,3828,3887,3945,4003,4062,4123,4183,4242,4298,4359,4421,4483,4606,4606,4665,4721,4781,4837,4899,5017,5017,5070,5132,5194,5255,5376,5376,5439,5501,5622,5622,5622,5622,5808,5870,5931,5992,6056,6119,6119,6244,6368,6368,6427,6487,6546,6604,6664,6725,6784,6841,6900,6957,7013,7122,7122,7235,7235,7294,7350,7403,7452,7506,7557,7610,7661,7714,7766,7820,7873,7923,7976,8025,8072,8121,8224,8224,8270,8322,8376,8476,8476,8527,8576,8628,8677,8723,8771,8820,8867,8966,8966,9010,9057,9100,9191,9235,9235,9277,9320,9401,9401,9439,9473,9505,9536,9569,9598,9625,9655,9683,9712,9738,9766,9792,9817,9841,9881,9881,9902,9922,9941,9957,9975,9993,10010,10041,10041,10053,10063,10074,10089,10097,10097,10107,10115,10122,10131,10139,10148,10155,10164,10173,10179,10188,10195,10199,10201,10202,10209,10209,10215,10220,10229,10229,10230,10233,10235,10235,10239,10239,10242,10249,10249,10251,10253,10256,10260,10263,10268,10268,10268,10270,10272,10273,10275,10275,10280,10280,10281,10283,10286,10286,10288,10292,10295,10297,10298,10300,10301,10303,10306,10308,10308,10312,10316,10320,10322,10322,10325,10327,10327,10331,10335,10344,10344,10355,10355,10363,10370,10378,10390,10400,10414,10458,10458,10480,10506,10540,10568,10652,10652,10710,10766,10825,10884,10941,11009,11082,11159,11248,11344,11447,11539,11637,11744,11847,12076,12076,12203,12461,12461,12593,12728,12857,13137,13137,13284,13284,13284,13895,13895,14208,14208,14364,14517,14674,14827,14975,15120,15268,15410,15541,15813,15813,16034,16034,16152,16259,16362,16555,16642,16642,16731,16896,16974,17049,17118,17182,17182,17295,17348,17348,17390,17437,17475,17551,17551,17583,17612,17644,17679,17679,17679,17679,17679,17679,17679,17679,17679,17679,17679,17679,17679,17679,17679,17679,17679,17679,17679,17679,17679,17679,17679,17679,17679,17679,17679,17679,17679,17679,17679,18136,18149,18161,18180,18180,18193,18202,18217,18229,18240,18252,18258,18268,18291,18303,18312,18318,18337,18337,18346,18364,18371,18371,18383,18393,18410,18410,18423,18423,18434,18434,18459,18483,18483,18502,18515,18515,18522,18531,18553,18553,18567,18577,18599,18599,18613,18620,18641,18641,18641,18641,18641,18641,18716,18727,18727,18727,18727,18727,18727,18727,18727,18727,18727,18727,18863,18882,18882,18894,18894,18894,18894,18894,18894,18894,18894,18894,18894
529975,IN.CT,Chhattisgarh,0,0,0,0,0,0,0,0,0,0,0,0,0,0,0,0,0,0,0,0,0,0,0,0,0,0,0,0,0,0,0,0,0,0,0,0,0,0,0,0,0,0,0,0,0,0,0,0,0,0,0,0,0,0,0,0,0,0,0,0,0,0,0,0,0,0,0,0,0,0,0,0,0,0,0,0,0,0,0,0,0,1,1,1,1,1,2,2,2,4,4,4,6,6,6,6,6,8,8,9,10,10,10,11,11,12,12,12,12,13,13,13,13,13,14,14,14,14,14,14,14,14,15,17,17,19,19,20,20,21,23,24,24,25,29,29,30,36,39,43,43,43,43,43,53,55,58,61,69,71,77,87,89,96,99,104,109,114,130,134,141,150,158,161,168,180,189,197,206,221,231,245,251,269,269,287,287,299,315,337,356,380,395,407,477,493,519,539,555,573,589,611,628,645,664,677,690,718,752,752,777,817,848,877,916,986,986,1002,1031,1045,1081,1134,1134,1158,1196,1253,1253,1253,1253,1339,1385,1425,1439,1478,1534,1534,1628,1738,1738,1793,1818,1861,1881,1936,1989,2038,2101,2150,2208,2266,2360,2360,2434,2434,2447,2464,2482,2507,2527,2545,2562,2578,2604,2623,2646,2672,2691,2713,2732,2746,2767,2801,2801,2813,2830,2840,2892,2892,2919,2941,2956,2977,2989,3010,3025,3038,3068,3068,3084,3097,3116,3145,3156,3156,3163,3172,3199,3199,3212,3227,3249,3263,3275,3293,3319,3336,3350,3371,3375,3386,3400,3412,3437,3454,3454,3469,3484,3490,3505,3517,3527,3537,3551,3551,3558,3565,3575,3594,3601,3601,3609,3617,3630,3644,3647,3682,3689,3698,3701,3706,3711,3718,3724,3732,3735,3744,3744,3746,3755,3766,3766,3771,3777,3783,3783,3790,3790,3793,3800,3800,3806,3809,3813,3821,3828,3835,3842,3842,3844,3848,3851,3854,3854,3859,3859,3864,3872,3875,3875,3886,3890,3897,3909,3915,3920,3929,3940,3950,3962,3962,4011,4026,4048,4061,4061,4096,4131,4131,4204,4247,4319,4319,4416,4416,4469,4563,4654,4777,4899,5031,5307,5307,5442,5580,5738,5908,6274,6274,6467,6674,6893,7111,7310,7536,7782,8061,8312,8581,8810,9009,9275,9485,9738,10158,10158,10381,10742,10742,10941,11094,11289,11590,11590,11734,11734,11734,12295,12295,12494,12494,12586,12646,12723,12779,12848,12915,12979,13016,13048,13117,13117,13162,13162,13192,13217,13243,13271,13285,13285,13300,13317,13334,13342,13354,13361,13361,13377,13387,13387,13395,13402,13407,13423,13423,13427,13431,13437,13438,13438,13438,13438,13438,13438,13438,13438,13438,13438,13438,13438,13438,13438,13438,13438,13438,13438,13438,13438,13438,13438,13438,13438,13438,13438,13438,13438,13438,13438,13438,13524,13525,13528,13531,13531,13533,13536,13539,13540,13540,13544,13545,13545,13546,13547,13548,13549,13551,13551,13552,13553,13554,13554,13555,13555,13555,13555,13555,13555,13555,13555,13555,13556,13556,13556,13557,13557,13557,13557,13558,13558,13558,13558,13559,13559,13559,13559,13560,13560,13560,13560,13560,13560,13563,13564,13564,13564,13564,13564,13564,13564,13564,13564,13564,13564,13568,13569,13569,13570,13570,13570,13570,13570,13570,13570,13570,13570,13570
529976,IN.CH,Chandigarh,0,0,0,0,0,0,0,0,0,0,0,0,0,0,0,0,0,0,0,0,0,0,0,0,0,0,0,0,0,0,0,0,0,0,0,0,0,0,0,0,0,0,0,0,0,0,0,0,0,0,0,0,0,0,0,0,1,1,1,1,1,2,2,2,3,3,3,3,3,3,3,3,3,3,3,3,3,3,4,4,4,4,4,4,4,5,5,5,5,5,5,5,5,5,5,5,5,5,6,6,6,6,6,6,6,6,6,6,6,6,6,6,6,6,6,6,6,6,6,6,7,7,7,7,7,8,8,10,11,11,11,12,12,12,12,13,13,13,13,13,13,13,13,13,15,18,19,19,20,20,20,23,24,25,25,26,26,27,28,28,29,30,30,31,31,33,33,37,37,40,41,43,45,52,52,57,57,59,63,68,69,71,74,78,80,83,86,92,93,98,99,104,109,113,119,123,126,130,144,144,145,145,147,153,158,164,164,169,172,174,177,182,182,186,188,191,191,191,191,199,201,206,207,208,208,208,209,214,214,216,218,222,223,224,225,225,226,226,227,228,229,229,232,232,234,237,241,243,244,246,246,248,250,252,253,254,255,258,260,263,265,270,270,270,274,276,278,278,281,284,287,289,291,293,296,297,299,299,300,301,302,304,304,304,305,306,310,310,312,313,314,314,315,315,316,316,316,317,318,319,320,321,322,325,325,326,327,327,327,328,329,330,330,330,330,330,330,331,332,332,333,334,334,334,334,334,334,334,334,334,335,336,337,338,339,341,341,342,343,344,344,345,346,347,347,348,348,348,349,349,350,350,351,351,351,352,353,353,354,355,355,355,355,356,356,356,357,357,357,358,358,358,359,359,359,360,361,362,363,363,365,368,372,374,374,377,379,379,380,381,383,383,386,386,388,389,393,396,399,400,404,404,407,408,410,413,421,421,423,427,430,433,435,440,446,457,465,478,489,496,507,518,532,549,549,558,575,575,585,599,609,625,625,635,635,635,666,666,692,692,702,709,714,722,729,735,740,745,753,761,761,765,765,768,772,774,781,783,783,786,792,794,797,799,802,802,806,806,806,806,806,807,807,807,807,807,807,808,808,808,808,808,808,808,808,808,808,808,808,808,808,808,808,808,808,808,808,808,808,808,808,808,808,808,808,808,808,808,811,811,811,811,811,811,811,811,811,811,811,811,811,811,811,811,811,811,811,812,812,812,812,812,812,812,812,813,813,813,813,814,814,814,814,814,814,815,815,816,816,816,817,818,818,818,818,818,818,818,818,818,818,819,819,819,819,819,819,819,819,819,819,819,819,820,820,820,820,820,820,820,820,820,820,820,820,820
529977,IN.GJ,Gujarat,0,0,0,0,0,0,0,0,0,0,0,0,1,1,1,1,3,3,3,5,6,6,6,7,8,10,11,12,13,13,16,17,19,22,26,26,30,36,38,48,58,67,77,95,103,112,127,133,151,162,181,197,214,236,262,290,319,368,396,425,449,472,493,513,537,566,586,606,625,659,694,719,749,773,802,829,858,888,915,938,960,980,1007,1038,1063,1092,1122,1155,1190,1219,1249,1280,1313,1347,1385,1415,1448,1477,1505,1533,1560,1591,1618,1638,1663,1684,1710,1735,1753,1771,1789,1808,1827,1846,1867,1886,1904,1925,1943,1960,1977,1993,2008,2022,2032,2045,2055,2069,2079,2089,2106,2122,2142,2162,2196,2224,2252,2278,2300,2326,2326,2326,2326,2326,2441,2464,2486,2508,2533,2556,2583,2605,2628,2652,2672,2695,2713,2731,2746,2765,2785,2800,2820,2837,2853,2867,2881,2895,2908,2928,2945,2962,2976,3006,3006,3034,3034,3046,3062,3076,3091,3105,3120,3133,3149,3164,3180,3195,3210,3227,3244,3256,3270,3286,3302,3319,3336,3352,3381,3381,3393,3406,3416,3428,3439,3460,3460,3475,3487,3496,3509,3531,3531,3538,3547,3566,3566,3566,3566,3595,3606,3617,3626,3635,3643,3643,3660,3673,3673,3679,3686,3690,3695,3701,3705,3711,3716,3721,3725,3731,3744,3744,3753,3753,3760,3765,3770,3776,3785,3791,3797,3803,3808,3815,3823,3830,3837,3846,3859,3876,3892,3922,3922,3938,3953,3969,4004,4004,4018,4031,4049,4064,4081,4095,4110,4123,4148,4148,4160,4171,4182,4203,4211,4211,4220,4227,4241,4241,4248,4254,4262,4268,4275,4282,4288,4295,4302,4306,4309,4314,4318,4321,4325,4332,4332,4335,4340,4344,4347,4350,4354,4357,4363,4363,4365,4367,4369,4372,4374,4374,4375,4376,4379,4381,4382,4384,4385,4387,4387,4388,4389,4391,4392,4393,4394,4396,4396,4397,4397,4400,4400,4400,4401,4402,4402,4403,4403,4404,4405,4405,4406,4406,4407,4408,4408,4410,4410,4410,4411,4412,4412,4413,4413,4416,4416,4418,4418,4418,4418,4422,4424,4425,4427,4430,4433,4437,4443,4450,4454,4454,4466,4473,4479,4484,4484,4500,4510,4510,4528,4539,4566,4566,4598,4598,4620,4655,4697,4746,4800,4855,4995,4995,5076,5170,5267,5377,5615,5615,5740,5877,6019,6171,6328,6486,6656,6830,7010,7183,7355,7508,7648,7779,7912,8154,8154,8273,8511,8511,8629,8731,8840,9039,9039,9121,9121,9121,9404,9404,9523,9523,9576,9621,9665,9701,9734,9761,9790,9815,9833,9873,9873,9906,9906,9921,9933,9944,9965,9976,9976,9985,9997,10003,10007,10012,10018,10018,10028,10032,10032,10034,10037,10040,10045,10045,10048,10051,10054,10056,10056,10056,10056,10056,10056,10056,10056,10056,10056,10056,10056,10056,10056,10056,10056,10056,10056,10056,10056,10056,10056,10056,10056,10056,10056,10056,10056,10056,10056,10056,10076,10076,10076,10076,10076,10076,10077,10077,10077,10077,10077,10077,10078,10078,10078,10078,10078,10078,10078,10078,10079,10079,10079,10079,10080,10081,10081,10081,10081,10081,10081,10081,10082,10082,10082,10082,10082,10082,10082,10082,10082,10082,10082,10082,10082,10082,10082,10082,10082,10082,10082,10082,10082,10082,10082,10082,10082,10082,10082,10082,10082,10082,10082,10082,10082,10084,10085,10085,10086,10086,10086,10086,10086,10086,10086,10086,10086,10086
529978,IN.HP,Himachal Pradesh,0,0,0,0,0,0,0,0,0,0,0,0,0,0,1,1,1,1,1,1,1,1,1,1,1,1,1,1,1,1,1,1,1,1,1,1,1,1,1,1,1,1,1,1,1,1,1,1,1,1,1,1,1,1,1,1,1,2,2,2,2,2,2,2,2,2,2,3,3,3,3,3,3,3,3,3,3,5,5,5,5,5,5,5,5,5,5,5,5,5,5,5,5,6,6,6,6,7,8,8,8,8,8,8,8,8,8,8,9,9,9,9,9,10,10,10,10,11,11,11,11,11,11,11,11,11,11,11,11,11,11,11,11,11,11,11,11,11,11,12,12,12,12,12,14,14,14,14,14,14,14,14,14,15,17,18,18,19,19,19,19,19,19,19,23,25,29,29,29,30,32,33,33,35,35,40,40,43,48,50,54,55,56,60,63,66,71,73,77,82,90,91,98,111,116,120,127,134,150,150,157,164,175,180,183,195,195,202,210,217,224,231,231,238,245,250,250,250,250,255,260,262,265,268,272,272,279,285,285,290,291,293,298,300,306,312,317,326,336,344,361,361,371,371,377,384,396,405,411,423,431,442,450,462,475,488,500,518,537,560,572,599,599,612,623,635,666,666,677,695,708,721,732,739,753,765,793,793,803,811,823,848,858,858,867,870,885,885,889,894,899,902,913,919,921,925,931,934,936,938,944,946,948,953,953,955,958,959,961,961,963,963,964,964,966,967,967,970,970,970,971,973,973,973,974,974,974,976,979,979,980,981,982,982,983,984,984,987,988,990,990,992,994,994,994,994,994,994,995,995,995,995,995,995,995,995,996,996,996,996,996,997,997,1000,1000,1002,1003,1003,1003,1004,1006,1010,1011,1011,1013,1016,1017,1018,1021,1021,1027,1029,1030,1033,1033,1039,1045,1045,1052,1056,1070,1070,1081,1081,1090,1096,1103,1115,1115,1124,1148,1148,1159,1168,1180,1190,1219,1219,1236,1254,1280,1304,1336,1363,1387,1420,1460,1497,1525,1569,1612,1660,1692,1793,1793,1830,1938,1938,2002,2068,2131,2254,2254,2324,2324,2324,2595,2595,2707,2707,2766,2827,2887,2932,2992,3056,3086,3127,3143,3210,3210,3260,3260,3279,3297,3315,3343,3358,3358,3367,3391,3398,3410,3414,3424,3424,3439,3442,3442,3448,3453,3461,3465,3465,3471,3473,3476,3477,3477,3477,3477,3477,3477,3477,3477,3477,3477,3477,3477,3477,3477,3477,3477,3477,3477,3477,3477,3477,3477,3477,3477,3477,3477,3477,3477,3477,3477,3477,3521,3521,3522,3527,3527,3531,3533,3533,3534,3535,3537,3539,3542,3545,3548,3551,3557,3559,3559,3562,3569,3574,3574,3578,3579,3585,3585,3592,3592,3595,3595,3603,3608,3608,3611,3613,3613,3618,3622,3630,3630,3635,3636,3642,3642,3644,3647,3649,3649,3649,3649,3649,3649,3662,3666,3666,3666,3666,3666,3666,3666,3666,3666,3666,3666,3690,3696,3696,3699,3699,3699,3699,3699,3699,3699,3699,3699,3699
529979,IN.MP,Madhya Pradesh,0,0,0,0,0,0,0,0,0,0,0,0,0,0,0,0,1,1,2,2,3,3,3,6,6,6,9,9,13,13,16,16,33,36,43,50,53,53,57,69,70,74,76,80,81,83,92,99,106,113,119,130,137,145,156,165,176,176,185,193,200,215,215,221,225,232,237,239,243,248,252,258,267,270,272,281,290,300,305,313,321,334,343,350,358,364,371,377,384,399,412,414,420,427,431,440,447,459,465,476,482,486,495,501,515,521,525,534,542,546,550,557,564,572,581,589,593,598,608,617,622,629,634,638,644,653,663,673,682,689,697,706,721,738,756,770,780,791,799,811,811,811,811,811,867,876,886,900,912,929,946,962,977,996,1015,1033,1048,1065,1081,1094,1105,1128,1141,1159,1171,1185,1206,1229,1246,1265,1282,1306,1323,1374,1374,1426,1426,1453,1483,1513,1543,1572,1589,1609,1640,1661,1691,1728,1762,1791,1820,1844,1877,1901,1943,1970,2007,2035,2122,2122,2152,2181,2207,2242,2281,2336,2336,2372,2399,2434,2463,2518,2518,2547,2574,2624,2624,2624,2624,2686,2710,2735,2753,2773,2786,2786,2828,2855,2855,2875,2885,2890,2898,2913,2929,2941,2951,2958,2965,2974,2992,2992,3017,3017,3028,3034,3042,3055,3065,3076,3083,3090,3092,3102,3115,3129,3138,3149,3162,3172,3183,3209,3209,3224,3237,3250,3270,3270,3287,3300,3314,3326,3337,3347,3358,3366,3382,3382,3391,3404,3412,3433,3442,3442,3453,3468,3490,3490,3502,3514,3524,3536,3545,3563,3572,3582,3595,3606,3618,3627,3641,3648,3662,3682,3682,3691,3701,3711,3718,3726,3732,3740,3751,3751,3753,3756,3763,3776,3780,3780,3786,3789,3791,3793,3799,3802,3805,3807,3810,3812,3815,3816,3818,3819,3820,3823,3823,3825,3827,3829,3829,3829,3838,3841,3841,3844,3844,3846,3854,3854,3854,3855,3857,3859,3862,3864,3865,3865,3865,3865,3866,3866,3866,3872,3872,3874,3877,3881,3881,3885,3887,3890,3891,3893,3894,3901,3903,3906,3908,3908,3919,3928,3937,3947,3947,3967,3977,3977,3998,4014,4040,4040,4073,4073,4086,4113,4136,4160,4184,4221,4312,4312,4365,4425,4491,4557,4713,4713,4788,4863,4937,5041,5133,5221,5319,5424,5519,5616,5718,5812,5905,6003,6074,6244,6244,6334,6501,6501,6595,6679,6753,6913,6913,6992,6992,6992,7315,7315,7483,7483,7558,7618,7686,7758,7828,7891,7959,8019,8067,8157,8157,8257,8257,8295,8337,8369,8441,8475,8475,8510,8552,8588,8615,8649,8679,8679,8737,8767,8767,8786,8806,8827,8871,8871,8896,8917,8936,8954,8954,8954,8954,8954,8954,8954,8954,8954,8954,8954,8954,8954,8954,8954,8954,8954,8954,8954,8954,8954,8954,8954,8954,8954,8954,8954,8954,8954,8954,8954,10513,10513,10513,10513,10513,10514,10514,10514,10514,10514,10514,10514,10514,10514,10514,10515,10515,10515,10515,10515,10516,10516,10516,10516,10516,10516,10516,10516,10516,10516,10516,10516,10516,10516,10516,10516,10516,10516,10516,10517,10517,10517,10517,10517,10517,10517,10517,10517,10517,10517,10517,10517,10517,10518,10518,10518,10518,10518,10518,10518,10518,10518,10518,10518,10518,10522,10522,10522,10523,10523,10523,10523,10523,10523,10523,10523,10523,10523
529980,IN.BR,Bihar,0,0,0,0,0,0,0,0,0,0,0,0,1,1,1,1,1,1,1,1,1,1,1,1,1,1,1,1,1,1,1,1,1,1,1,1,1,1,1,2,2,2,2,2,2,2,2,2,2,2,2,2,2,3,4,4,4,4,4,5,5,5,6,6,6,7,7,7,7,8,9,9,10,11,11,11,13,13,13,15,15,15,20,21,24,24,25,29,29,30,30,31,32,33,36,36,39,39,40,41,44,44,50,52,53,55,56,57,57,58,59,60,62,67,70,77,80,89,95,97,104,107,115,119,131,143,160,174,180,197,201,208,217,217,217,217,217,220,234,244,244,244,244,244,296,309,329,330,347,355,363,369,382,387,397,413,416,426,442,450,461,468,476,487,492,498,503,511,514,519,530,538,558,578,578,621,621,646,672,701,735,750,761,765,775,785,797,808,822,831,836,848,855,859,861,864,870,873,878,878,878,886,888,892,894,904,904,910,912,915,924,927,927,929,934,946,946,946,946,967,972,981,990,996,1003,1003,1019,1034,1034,1042,1049,1058,1065,1069,1076,1084,1090,1097,1101,1108,1121,1121,1136,1136,1144,1151,1156,1162,1167,1174,1179,1184,1189,1194,1201,1209,1212,1216,1221,1227,1233,1243,1243,1248,1253,1259,1268,1268,1274,1281,1287,1292,1295,1297,1300,1303,1312,1312,1317,1321,1325,1332,1337,1337,1341,1347,1358,1358,1362,1368,1371,1373,1379,1383,1386,1389,1393,1397,1400,1403,1405,1408,1415,1424,1424,1428,1430,1434,1439,1443,1445,1447,1453,1453,1457,1460,1461,1468,1472,1472,1476,1479,1483,1486,1490,1492,1495,1499,1501,1503,1505,1508,1510,1512,1515,1517,1517,1518,1520,1522,1522,1524,1527,1528,1528,1531,1531,1532,1535,1535,1536,1537,1538,1539,1540,1541,1541,1541,1541,1542,1543,1544,1544,1547,1547,1547,1548,1548,1548,1550,1551,1552,1553,1554,1555,1556,1557,1559,1561,1561,1565,1567,1569,1571,1571,1573,1574,1574,1578,1580,1583,1583,1588,1588,1591,1595,1598,1604,1610,1616,1651,1651,1675,1688,1722,1749,1841,1841,1897,1956,2010,2087,2155,2222,2307,2391,2480,2560,2642,2739,2821,2926,2987,3139,3139,3215,3357,3357,3429,3503,3593,3743,3743,3832,3832,3832,4241,4241,4442,4442,4549,4642,4746,4845,4943,5004,5052,5104,5163,5268,5268,5319,5319,5340,5381,5424,9429,9452,9452,9466,9492,9505,9514,9523,9527,9527,9543,9550,9550,9557,9563,9569,9576,9576,9578,9579,9583,9584,9584,9584,9584,9584,9584,9584,9584,9584,9584,9584,9584,9584,9584,9584,9584,9584,9584,9584,9584,9584,9584,9584,9584,9584,9584,9584,9584,9584,9584,9584,9643,9644,9644,9646,9646,9646,9646,9646,9646,9646,9646,9646,9646,9649,9649,9649,9649,9649,9649,9649,9649,9650,9650,9650,9650,9652,9652,9653,9653,9653,9653,9653,9654,9654,9655,9656,9656,9656,9657,9658,9658,9658,9658,9658,9658,9658,9658,9658,9658,9658,9658,9658,9658,9660,9660,9660,9660,9660,9660,9660,9660,9660,9660,9660,9660,9661,9661,9661,9661,9661,9661,9661,9661,9661,9661,9661,9661,9661
529981,IN.MN,Manipur,0,0,0,0,0,0,0,0,0,0,0,0,0,0,0,0,0,0,0,0,0,0,0,0,0,0,0,0,0,0,0,0,0,0,0,0,0,0,0,0,0,0,0,0,0,0,0,0,0,0,0,0,0,0,0,0,0,0,0,0,0,0,0,0,0,0,0,0,0,0,0,0,0,0,0,0,0,0,0,0,0,0,0,0,0,0,0,0,0,0,0,0,0,0,0,0,0,0,0,0,0,0,0,0,0,0,0,0,0,0,0,0,0,0,0,0,0,0,0,0,0,0,0,0,0,0,0,0,0,0,0,0,0,0,0,0,0,0,0,0,0,0,0,0,5,6,7,7,7,7,8,10,11,11,11,12,12,13,13,13,16,17,18,18,18,20,22,22,22,24,25,25,27,28,28,29,29,29,32,35,36,38,38,39,40,44,44,45,46,46,47,48,51,52,55,57,59,60,62,62,63,64,64,64,65,68,68,69,71,74,75,80,80,83,86,91,91,91,91,103,104,109,111,116,117,117,124,132,132,138,139,144,150,156,160,164,168,171,180,184,189,189,194,194,197,198,200,202,207,213,218,221,224,225,231,231,232,233,236,238,240,249,249,256,263,273,289,289,291,294,295,299,306,309,311,318,320,320,322,322,324,329,332,332,334,336,337,337,337,338,341,344,344,348,348,353,354,355,356,357,358,361,363,364,364,364,365,365,365,365,365,365,366,366,366,366,367,367,369,369,369,369,369,369,370,370,371,371,371,371,371,372,372,372,372,373,373,373,373,373,373,373,373,373,373,373,373,373,373,373,373,373,373,373,373,373,373,373,373,373,373,373,373,373,373,373,373,373,373,373,373,373,373,373,373,373,373,373,373,373,374,374,374,374,374,374,374,374,374,374,374,374,374,374,374,375,375,375,376,376,376,376,376,376,376,376,378,378,380,381,381,383,385,390,393,395,400,405,410,415,422,424,434,449,449,461,489,489,509,526,536,562,562,578,578,578,646,646,674,674,688,705,720,730,748,761,776,793,807,839,839,863,863,872,881,896,915,925,925,944,974,990,998,1008,1021,1021,1039,1047,1047,1055,1065,1074,1093,1093,1108,1124,1130,1141,1141,1141,1141,1141,1141,1141,1141,1141,1141,1141,1141,1141,1141,1141,1141,1141,1141,1141,1141,1141,1141,1141,1141,1141,1141,1141,1141,1141,1141,1141,1556,1566,1578,1606,1606,1614,1628,1640,1650,1657,1664,1674,1683,1700,1710,1716,1722,1732,1732,1739,1751,1755,1755,1759,1763,1770,1770,1779,1779,1781,1781,1784,1792,1792,1798,1802,1802,1802,1805,1807,1807,1809,1811,1815,1815,1817,1821,1830,1830,1830,1830,1830,1830,1843,1843,1843,1843,1843,1843,1843,1843,1843,1843,1843,1843,1875,1882,1882,1882,1882,1882,1882,1882,1882,1882,1882,1882,1882
529982,IN.MZ,Mizoram,0,0,0,0,0,0,0,0,0,0,0,0,0,0,0,0,0,0,0,0,0,0,0,0,0,0,0,0,0,0,0,0,0,0,0,0,0,0,0,0,0,0,0,0,0,0,0,0,0,0,0,0,0,0,0,0,0,0,0,0,0,0,0,0,0,0,0,0,0,0,0,0,0,0,0,0,0,0,0,0,0,0,0,0,0,0,0,0,0,0,0,0,0,0,0,0,0,0,0,0,0,0,0,0,0,0,0,0,0,0,0,0,0,0,0,0,0,0,0,0,0,0,0,0,0,0,0,0,0,0,0,0,0,0,0,0,0,0,0,0,0,0,0,0,0,0,0,0,0,0,0,0,0,0,0,0,0,0,0,0,0,0,0,0,0,0,0,0,0,0,0,0,0,0,0,0,0,0,0,0,0,0,0,0,0,0,0,0,0,0,0,0,0,0,0,0,0,0,0,0,0,0,0,0,0,0,0,0,0,0,0,0,0,0,0,0,0,0,0,0,0,0,0,0,0,0,0,0,0,0,0,0,0,1,1,1,1,1,1,1,2,2,2,2,2,2,2,2,2,3,4,4,5,5,5,5,5,5,5,5,5,5,5,5,5,5,6,6,6,6,6,6,6,6,6,6,7,7,7,7,7,7,7,7,7,7,7,7,7,8,8,8,8,8,8,8,8,8,8,8,8,8,8,8,8,8,8,9,9,9,9,9,9,9,9,9,9,9,9,9,9,9,9,9,9,9,9,9,9,9,9,9,9,9,9,9,9,9,9,9,9,9,10,10,10,10,10,10,10,10,10,10,10,10,10,10,10,10,10,10,10,10,10,10,10,10,10,10,10,10,10,10,10,11,11,11,11,11,11,11,11,11,11,11,11,11,11,11,11,11,11,11,11,11,11,11,11,11,12,12,12,12,12,12,12,12,12,12,12,12,12,13,13,13,13,13,14,15,15,16,17,17,17,17,17,17,22,22,23,23,23,24,24,25,25,25,30,30,31,31,33,34,34,34,34,35,36,38,40,45,45,51,51,53,55,55,58,61,61,62,67,70,71,74,75,75,81,83,83,85,85,86,89,89,91,91,92,92,92,92,92,92,92,92,92,92,92,92,92,92,92,92,92,92,92,92,92,92,92,92,92,92,92,92,92,92,92,92,150,150,153,157,157,160,161,165,168,169,171,173,174,180,182,184,185,190,190,192,200,200,200,201,202,206,206,213,213,214,214,218,220,220,224,226,226,227,229,233,233,236,238,246,246,250,254,259,259,259,259,259,259,286,289,289,289,289,289,289,289,289,289,289,289,341,344,344,347,347,347,347,347,347,347,347,347,347
529983,IN.AN,Andaman and Nicobar Islands,0,0,0,0,0,0,0,0,0,0,0,0,0,0,0,0,0,0,0,0,0,0,0,0,0,0,0,0,0,0,0,0,0,0,0,0,0,0,0,0,0,0,0,0,0,0,0,0,0,0,0,0,0,0,0,0,0,0,0,0,0,0,0,0,0,0,0,0,0,0,0,0,0,0,0,0,0,0,0,0,0,0,0,0,0,0,0,0,0,0,0,0,0,0,0,0,0,0,0,0,0,0,0,0,0,0,0,0,0,0,0,0,0,0,0,0,0,0,0,0,0,0,0,0,0,0,0,0,0,0,0,0,0,0,0,0,0,0,0,0,0,0,0,0,5,7,8,10,12,14,16,19,20,20,20,21,21,22,24,24,28,29,30,30,31,32,32,33,35,37,41,42,42,45,45,46,46,47,48,49,50,50,50,50,51,51,51,51,51,52,52,52,52,52,52,52,52,52,52,52,52,52,53,53,53,53,53,53,53,53,54,54,54,55,55,55,55,55,55,55,55,56,56,56,56,56,56,58,58,58,58,58,58,58,59,59,59,60,60,60,60,60,60,60,60,60,60,60,61,61,61,61,61,61,61,61,61,61,61,61,61,61,61,61,61,61,61,61,61,61,61,61,61,61,61,61,61,61,61,61,61,61,61,61,61,61,62,62,62,62,62,62,62,62,62,62,62,62,62,62,62,62,62,62,62,62,62,62,62,62,62,62,62,62,62,62,62,62,62,62,62,62,62,62,62,62,62,62,62,62,62,62,62,62,62,62,62,62,62,62,62,62,62,62,62,62,62,62,62,62,62,62,62,62,62,62,62,62,62,62,62,62,62,62,62,62,62,62,62,62,62,62,62,62,62,62,62,62,62,62,62,62,62,62,62,62,62,62,62,62,62,62,62,62,62,62,62,62,62,62,63,63,63,63,64,64,64,64,64,65,65,66,66,66,66,67,67,67,68,69,70,70,71,72,72,74,78,78,78,81,83,85,85,88,88,88,96,96,101,101,103,104,106,108,109,113,113,114,115,119,119,121,121,122,122,123,125,125,125,125,126,126,126,127,127,127,127,127,127,127,127,127,127,127,127,127,128,128,128,128,128,128,128,128,128,128,128,128,128,128,128,128,128,128,128,128,128,128,128,128,128,128,128,128,128,128,128,128,129,129,129,129,129,129,129,129,129,129,129,129,129,129,129,129,129,129,129,129,129,129,129,129,129,129,129,129,129,129,129,129,129,129,129,129,129,129,129,129,129,129,129,129,129,129,129,129,129,129,129,129,129,129,129,129,129,129,129,129,129,129,129,129,129,129,129,129,129,129,129,129,129,129,129,129,129,129
529984,IN.GA,Goa,0,0,0,0,0,0,0,0,0,0,0,0,0,0,0,0,0,0,0,0,0,0,0,0,0,0,0,0,0,0,0,0,0,0,0,0,0,0,0,0,0,0,0,0,0,0,0,0,0,0,0,0,0,0,0,0,0,0,0,0,0,0,0,0,0,0,0,0,0,0,0,0,0,0,0,0,0,0,0,0,0,0,0,0,0,0,0,0,0,0,0,0,0,0,0,0,0,0,0,0,0,0,0,0,0,1,1,2,2,2,2,3,3,3,4,4,4,6,7,7,8,8,9,9,12,14,17,18,18,19,21,21,22,23,26,28,29,29,33,35,35,35,35,35,45,48,53,56,60,64,66,70,72,75,80,86,89,91,93,98,104,111,116,124,126,135,140,144,148,157,165,171,175,183,183,194,194,204,212,220,229,236,245,256,262,268,276,286,290,304,315,319,327,335,342,351,360,368,383,383,386,391,401,407,419,440,440,442,450,456,460,477,477,484,491,507,507,507,507,519,525,531,538,544,549,549,557,568,568,570,576,582,585,592,597,602,604,609,616,618,630,630,641,641,643,647,651,656,656,658,659,662,663,667,670,670,672,675,677,677,679,685,685,686,686,687,690,690,693,696,696,697,698,701,701,703,703,703,705,706,707,713,716,716,718,718,723,723,725,727,728,728,731,731,734,735,737,739,739,739,741,743,744,744,744,744,746,747,749,749,750,752,756,756,756,756,756,757,758,758,761,761,762,763,763,765,766,766,768,768,768,768,770,770,770,772,772,774,776,777,777,778,781,784,784,786,786,787,787,787,787,788,789,791,794,795,796,796,796,796,798,799,799,799,799,802,802,803,803,805,806,807,811,812,813,815,815,818,818,818,821,822,823,824,824,828,829,829,831,832,835,835,838,838,840,842,845,846,848,850,857,857,862,868,872,883,926,926,943,964,976,993,1017,1055,1086,1110,1146,1168,1222,1274,1320,1372,1443,1557,1557,1612,1729,1729,1804,1874,1937,2056,2056,2099,2099,2099,2272,2272,2341,2341,2383,2421,2460,2499,2538,2570,2597,2625,2649,2693,2693,2727,2727,2744,2760,2840,2877,2891,2891,2899,2928,2937,2947,2960,2969,2969,2984,2990,2990,2997,3008,3013,3027,3027,3032,3039,3046,3048,3048,3048,3048,3048,3048,3048,3048,3048,3048,3048,3048,3048,3048,3048,3048,3048,3048,3048,3048,3048,3048,3048,3048,3048,3048,3048,3048,3048,3048,3048,3147,3148,3150,3153,3153,3156,3157,3159,3160,3164,3164,3164,3166,3168,3171,3176,3177,3180,3180,3182,3185,3186,3186,3186,3187,3191,3191,3195,3195,3198,3198,3202,3203,3203,3208,3210,3210,3210,3212,3214,3214,3216,3217,3219,3219,3289,3289,3292,3292,3292,3292,3292,3292,3299,3299,3299,3299,3299,3299,3299,3299,3299,3299,3299,3299,3322,3325,3325,3326,3326,3326,3326,3326,3326,3326,3326,3326,3326
529985,IN.AS,Assam,0,0,0,0,0,0,0,0,0,0,0,0,0,0,0,0,0,0,0,0,0,0,0,0,0,0,0,0,0,0,0,0,1,1,1,1,1,1,1,1,1,1,1,1,1,1,1,1,1,1,1,1,1,1,1,1,1,1,1,1,1,2,2,2,2,2,2,2,2,2,2,4,4,4,4,4,4,4,4,4,4,4,4,4,4,4,4,4,4,4,4,4,4,4,6,8,8,8,8,8,8,9,9,9,9,9,9,9,9,9,9,10,11,12,12,12,14,14,14,14,14,16,22,27,35,35,36,40,46,48,51,53,57,58,58,64,70,76,77,79,79,79,79,79,98,101,105,109,115,121,126,132,140,145,151,155,161,169,175,182,189,197,203,213,221,227,234,242,252,260,274,278,286,296,296,315,315,323,330,345,352,360,370,378,396,414,430,453,469,482,492,511,528,540,548,562,578,586,608,608,625,638,655,667,680,711,711,721,735,749,760,785,785,794,802,816,816,816,816,834,843,853,865,868,875,875,889,900,900,902,906,908,914,917,923,926,930,931,932,934,934,934,940,940,943,947,952,954,957,958,961,963,964,966,969,969,971,973,974,975,976,978,978,980,980,981,981,981,983,985,987,989,993,995,997,998,1000,1000,1000,1002,1003,1007,1010,1010,1011,1012,1020,1020,1024,1029,1033,1033,1035,1037,1038,1040,1043,1045,1049,1051,1052,1054,1057,1059,1059,1059,1060,1061,1064,1064,1065,1065,1070,1070,1073,1075,1075,1077,1077,1077,1077,1078,1078,1079,1081,1081,1081,1082,1082,1083,1083,1083,1084,1084,1084,1085,1085,1086,1086,1086,1086,1087,1089,1089,1089,1091,1091,1091,1091,1091,1091,1091,1091,1091,1092,1092,1093,1093,1093,1093,1093,1093,1093,1094,1094,1096,1096,1097,1097,1098,1098,1099,1099,1099,1100,1100,1100,1100,1101,1101,1103,1104,1104,1104,1104,1104,1104,1104,1107,1107,1109,1109,1111,1111,1111,1112,1115,1117,1118,1118,1122,1122,1123,1127,1129,1135,1145,1145,1150,1160,1172,1186,1200,1215,1233,1255,1281,1307,1330,1360,1389,1430,1485,1578,1578,1628,1753,1753,1838,1909,1984,2123,2123,2179,2179,2179,2507,2507,2667,2667,2739,2823,2915,3005,3088,3168,3245,3300,3365,3477,3477,3577,3577,3621,3658,3695,3793,3844,3844,3873,3951,3994,4028,4064,4105,4105,4178,4208,4208,4243,4280,4310,4370,4370,4403,4440,4482,4509,4509,4509,4509,4509,4509,4509,4509,4509,4509,4509,4509,4509,4509,4509,4509,4509,4509,4509,4509,4509,4509,4509,4509,4509,4509,4509,4509,4509,4509,4509,5260,5275,5294,5326,5326,5343,5357,5372,5387,5404,5420,5434,5451,5482,5492,5502,5513,5538,5538,5551,5576,5587,5587,5600,5607,5627,5627,5640,5640,5655,5655,5671,5683,5683,5699,5710,5710,5719,5723,5732,5732,5740,5751,5767,5767,5775,5779,5790,5790,5790,5790,5790,5790,5834,5838,5838,5838,5838,5838,5838,5838,5838,5838,5838,5838,5903,5916,5916,5921,5921,5921,5921,5921,5921,5921,5921,5921,5921
529986,IN.JH,Jharkhand,0,0,0,0,0,0,0,0,0,0,0,0,0,0,0,0,0,0,0,0,0,0,0,0,0,0,0,0,0,0,0,1,1,1,2,2,2,2,2,2,2,2,2,3,3,3,3,3,3,3,3,3,3,3,3,3,3,3,3,3,3,3,3,3,3,3,3,3,3,3,3,3,3,3,3,4,4,4,4,4,4,5,5,5,5,5,5,6,7,7,7,7,8,8,8,8,8,8,8,9,10,11,11,11,11,11,11,11,12,12,12,12,15,15,15,15,15,17,19,20,22,22,23,23,23,30,33,36,38,42,46,46,49,53,55,64,67,70,82,85,85,85,85,85,106,113,118,125,128,136,145,151,155,177,188,192,197,209,224,228,244,250,262,277,286,297,308,312,330,347,362,373,381,410,410,428,428,438,444,447,462,469,482,496,512,517,532,542,555,561,571,579,590,602,615,617,626,641,652,652,661,670,679,688,700,721,721,729,734,743,747,767,767,775,781,787,787,787,787,811,820,824,832,839,842,842,851,862,862,864,866,872,876,880,883,883,884,885,886,891,894,894,897,897,897,905,910,913,917,921,922,924,928,931,934,937,939,945,951,953,955,961,961,962,963,963,969,969,971,977,978,979,986,988,988,991,995,995,995,999,1000,1004,1007,1007,1008,1010,1011,1011,1014,1014,1016,1016,1018,1019,1020,1025,1027,1030,1030,1034,1035,1036,1038,1041,1041,1043,1045,1047,1048,1048,1048,1048,1050,1050,1050,1054,1057,1058,1060,1060,1061,1063,1064,1064,1066,1069,1070,1071,1072,1073,1075,1077,1077,1077,1077,1078,1078,1078,1081,1081,1081,1082,1084,1084,1084,1084,1084,1084,1085,1085,1086,1086,1087,1087,1087,1090,1090,1090,1090,1090,1091,1091,1091,1093,1093,1093,1093,1093,1093,1093,1093,1093,1094,1094,1094,1095,1095,1096,1097,1097,1100,1100,1103,1107,1107,1110,1113,1113,1114,1115,1130,1130,1144,1144,1151,1158,1175,1192,1213,1232,1292,1292,1320,1376,1406,1456,1547,1547,1609,1715,1778,1888,1991,2115,2246,2395,2540,2660,2829,2944,3073,3205,3346,3615,3615,3756,3982,3982,4085,4182,4290,4431,4431,4479,4479,4479,4714,4714,4801,4801,4838,4871,4891,4910,4926,4945,4958,4977,4991,5011,5011,5034,5034,5046,5054,5060,5076,5081,5081,5082,5084,5085,5089,5092,5095,5095,5099,5099,5099,5100,5102,5104,5107,5107,5110,5111,5111,5113,5113,5113,5113,5113,5113,5113,5113,5113,5113,5113,5113,5113,5113,5113,5113,5113,5113,5113,5113,5113,5113,5113,5113,5113,5113,5113,5113,5113,5113,5113,5128,5129,5129,5129,5129,5129,5130,5130,5130,5130,5130,5130,5130,5131,5131,5131,5132,5132,5132,5132,5132,5132,5132,5132,5132,5132,5132,5132,5132,5132,5132,5132,5132,5132,5133,5133,5133,5133,5133,5133,5133,5133,5133,5133,5133,5133,5133,5133,5133,5133,5133,5133,5133,5133,5133,5133,5133,5133,5133,5133,5133,5133,5133,5133,5133,5135,5135,5135,5135,5135,5135,5135,5135,5135,5135,5135,5135,5135
529987,IN.AR,Arunachal Pradesh,0,0,0,0,0,0,0,0,0,0,0,0,0,0,0,0,0,0,0,0,0,0,0,0,0,0,0,0,0,0,0,0,0,0,0,0,0,0,0,0,0,0,0,0,0,0,0,0,0,0,0,0,0,0,0,0,0,0,0,0,0,0,0,0,0,0,0,0,0,0,0,0,0,0,0,0,0,0,0,0,0,0,0,0,0,0,0,0,0,0,0,0,0,0,0,0,0,0,0,0,0,0,0,0,0,0,0,0,1,1,1,1,1,1,1,1,1,1,1,2,2,2,2,2,2,2,2,3,3,3,3,3,3,3,3,3,3,3,3,3,3,3,3,3,3,3,3,3,3,3,3,3,3,3,3,3,3,4,5,5,5,5,5,5,5,5,5,5,5,5,5,5,5,7,7,7,7,7,7,7,8,8,8,9,9,9,10,10,10,11,13,13,13,13,13,13,13,14,14,14,14,14,14,15,16,16,16,18,18,18,19,21,21,22,23,24,24,24,24,29,30,30,30,30,30,30,31,33,33,33,33,35,36,36,37,37,37,37,38,42,43,43,45,45,46,46,46,46,47,47,48,48,48,48,48,49,49,49,49,49,49,49,49,50,51,54,54,54,54,54,55,55,55,55,55,55,55,55,55,55,55,55,55,55,55,55,56,56,56,56,56,56,56,56,56,56,56,56,56,56,56,56,56,56,56,56,56,56,56,56,56,56,56,56,56,56,56,56,56,56,56,56,56,56,56,56,56,56,56,56,56,56,56,56,56,56,56,56,56,56,56,56,56,56,56,56,56,56,56,56,56,56,56,56,56,56,56,56,56,56,56,56,56,56,56,56,56,56,56,56,56,56,56,56,56,56,56,56,56,56,56,56,56,56,56,56,56,56,56,56,56,56,56,56,56,56,56,56,56,56,56,56,56,56,56,56,56,56,56,56,56,56,58,58,58,58,59,59,59,59,59,59,59,60,60,60,64,64,68,69,72,78,78,81,81,81,89,89,95,95,98,102,104,107,109,111,114,115,115,118,118,122,122,123,125,125,128,133,133,138,145,151,155,155,158,158,159,159,159,159,160,160,165,165,167,167,167,168,168,168,168,168,168,168,168,168,168,168,168,168,168,168,168,168,168,168,168,168,168,168,168,168,168,168,168,168,168,168,229,231,234,236,236,236,237,240,242,246,248,251,251,252,252,252,252,255,255,257,259,259,259,259,259,260,260,260,260,260,260,260,262,262,264,267,267,268,269,269,269,270,270,271,271,271,271,271,271,271,271,271,271,273,274,274,274,274,274,274,274,274,274,274,274,279,280,280,280,280,280,280,280,280,280,280,280,280
529988,IN.TR,Tripura,0,0,0,0,0,0,0,0,0,0,0,0,0,0,0,0,0,0,0,0,0,0,0,0,0,0,0,0,0,0,0,0,0,0,0,0,0,0,0,0,0,0,0,0,0,0,0,0,0,0,0,0,0,0,0,0,0,0,0,0,0,0,0,0,0,0,0,0,0,0,0,0,0,0,0,0,0,0,0,0,0,0,0,0,0,0,0,0,0,0,0,0,1,1,1,1,1,1,1,1,1,1,1,1,1,1,1,1,1,1,1,1,1,1,1,1,1,1,1,1,1,1,1,1,2,2,2,2,3,3,3,5,5,7,8,9,10,11,11,13,13,13,13,13,21,23,27,28,30,31,36,37,41,42,43,43,44,46,50,55,59,62,65,65,69,70,72,73,78,83,85,89,94,103,103,118,118,126,129,136,144,149,152,161,173,173,182,194,200,207,217,222,228,235,239,245,251,253,265,265,268,270,273,276,277,286,286,289,293,299,301,304,304,311,313,316,316,316,316,319,323,326,329,331,331,331,334,340,340,343,343,344,344,345,346,346,346,348,350,353,354,354,357,357,359,359,359,359,360,362,362,364,364,364,364,365,366,366,369,370,370,370,370,370,370,370,372,372,372,372,372,372,373,373,373,373,375,375,376,376,376,378,378,378,378,378,380,380,383,384,384,385,385,385,385,385,385,385,385,385,385,385,387,388,388,388,388,388,388,389,389,390,391,391,391,391,391,391,391,391,391,391,391,391,391,391,391,391,391,391,391,391,391,391,391,391,391,391,391,391,391,391,391,391,391,391,391,391,391,391,391,391,391,391,391,391,391,391,391,391,391,391,391,391,391,391,391,391,391,391,391,391,391,391,391,391,391,391,392,392,392,392,392,392,392,392,392,392,392,392,392,392,393,393,393,393,393,393,394,394,394,394,394,394,394,394,394,394,394,394,394,394,394,394,396,396,396,397,398,399,400,400,403,405,405,406,413,413,422,424,426,431,431,441,441,441,455,455,463,463,465,470,473,479,485,498,507,513,519,534,534,550,550,558,564,572,591,596,596,604,620,624,629,634,637,637,646,650,650,654,658,660,665,665,668,672,675,677,677,677,677,677,677,677,677,677,677,677,677,677,677,677,677,677,677,677,677,677,677,677,677,677,677,677,677,677,677,677,755,755,755,761,761,762,766,767,770,771,773,773,775,780,781,782,782,785,785,785,787,790,790,791,793,796,796,798,798,800,800,802,803,803,803,803,803,803,803,805,805,805,805,806,806,806,807,808,808,808,808,808,808,811,811,811,811,811,811,811,811,811,811,811,811,815,816,816,816,816,816,816,816,816,816,816,816,816
529989,IN.NL,Nagaland,0,0,0,0,0,0,0,0,0,0,0,0,0,0,0,0,0,0,0,0,0,0,0,0,0,0,0,0,0,0,0,0,0,0,0,0,0,0,0,0,0,0,0,0,0,0,0,0,0,0,0,0,0,0,0,0,0,0,0,0,0,0,0,0,0,0,0,0,0,0,0,0,0,0,0,0,0,0,0,0,0,0,0,0,0,0,0,0,0,0,0,0,0,0,0,0,0,0,0,0,0,0,0,0,0,0,0,0,0,0,0,0,0,0,0,0,0,0,0,0,0,0,0,0,0,0,0,0,0,0,0,0,0,0,0,0,0,1,4,4,4,4,4,4,5,5,5,5,5,6,6,7,7,8,8,8,8,8,8,8,8,8,8,8,8,8,9,9,9,9,9,9,9,9,9,9,9,9,9,10,10,10,10,10,10,10,10,10,10,10,15,15,15,15,15,15,15,15,16,16,16,16,16,17,17,17,17,17,17,17,17,17,17,17,17,17,17,17,17,22,22,22,27,27,27,27,28,28,28,30,31,33,33,34,35,39,39,39,42,42,45,45,45,45,46,46,50,50,50,52,52,52,53,53,54,54,56,57,59,61,61,63,63,64,64,64,64,64,64,64,65,65,66,66,67,67,68,68,68,68,69,70,73,73,73,73,73,73,76,77,77,77,78,78,79,79,79,79,79,79,79,79,79,82,82,83,84,84,84,84,86,86,88,88,88,88,88,88,88,88,88,88,88,88,88,88,88,88,88,88,88,88,88,88,88,88,88,88,88,88,88,88,88,90,90,91,91,91,91,91,91,91,91,91,91,91,91,91,91,91,91,91,91,91,91,91,91,91,91,91,91,91,91,91,91,91,91,91,91,91,91,92,92,92,92,92,92,92,92,92,92,92,92,92,92,92,92,92,93,93,93,93,93,94,94,94,94,94,94,94,94,95,98,98,99,100,100,104,107,109,115,118,118,122,122,137,150,150,156,165,177,196,196,209,209,209,245,245,271,271,285,297,315,327,338,343,350,363,376,399,399,416,416,422,426,429,435,441,441,445,453,456,459,461,466,466,468,469,469,475,477,477,481,481,487,487,493,493,493,493,493,493,493,493,493,493,493,493,493,493,493,493,493,493,493,493,493,493,493,493,493,493,493,493,493,493,493,493,566,570,574,579,579,581,582,583,585,585,585,591,593,597,601,605,607,608,608,609,610,610,610,611,612,614,614,617,617,617,617,620,626,626,626,631,631,632,634,634,634,636,639,646,646,646,648,653,653,653,653,653,653,661,662,662,662,662,662,662,662,662,662,662,662,667,669,669,671,671,671,671,671,671,671,671,671,671
529990,IN.ML,Meghalaya,0,0,0,0,0,0,0,0,0,0,0,0,0,0,0,0,0,0,0,0,0,0,0,0,0,0,0,0,0,0,0,0,0,0,0,0,1,1,1,1,1,1,1,1,1,1,1,1,1,1,1,1,1,1,1,1,1,1,1,1,1,1,1,1,1,1,1,1,1,1,1,1,1,1,1,1,1,1,1,1,1,1,1,1,1,1,1,1,1,1,1,1,1,1,1,1,1,1,1,1,1,1,1,1,1,1,1,1,1,1,1,1,1,1,1,1,1,1,1,1,1,1,2,2,2,2,2,2,2,2,2,2,2,4,4,4,4,5,5,5,5,5,5,5,5,5,5,5,5,5,5,5,6,6,6,6,6,6,6,6,6,6,6,6,6,6,7,8,8,8,8,8,10,10,10,12,12,13,13,14,15,16,17,17,19,20,24,25,26,27,28,29,31,32,36,36,37,38,43,43,43,43,43,46,47,51,51,52,54,54,59,60,60,60,61,63,63,63,63,70,73,75,75,75,75,75,77,79,79,80,81,81,82,85,87,87,88,90,90,90,91,91,93,93,93,94,94,94,98,98,100,100,101,102,103,104,106,108,110,110,110,110,110,110,111,111,112,112,114,116,118,118,120,120,122,122,124,124,125,128,130,133,133,133,133,133,134,134,134,135,135,135,138,138,138,138,139,139,139,139,139,139,141,141,141,143,143,143,143,143,144,144,144,144,144,144,144,146,146,146,146,146,146,146,146,146,146,146,146,146,147,147,147,147,147,148,148,148,148,148,148,148,148,148,148,148,148,148,148,148,148,148,148,148,148,148,148,148,148,148,148,148,148,148,148,148,148,148,148,148,148,148,148,148,148,148,149,149,149,149,149,150,150,150,150,150,150,150,150,150,150,150,150,150,150,151,151,151,151,151,151,151,151,152,152,153,154,154,157,157,157,158,160,161,165,167,169,171,174,179,185,185,191,199,199,210,233,233,242,250,268,301,301,320,320,320,389,389,435,435,459,483,502,512,524,544,551,564,578,616,616,643,643,652,664,669,694,704,704,714,733,743,750,758,762,762,776,780,780,785,788,797,814,814,817,819,827,831,831,831,831,831,831,831,831,831,831,831,831,831,831,831,831,831,831,831,831,831,831,831,831,831,831,831,831,831,831,831,1085,1096,1109,1125,1125,1133,1147,1154,1163,1174,1185,1195,1200,1220,1227,1235,1240,1257,1257,1261,1278,1281,1281,1285,1292,1296,1296,1306,1306,1307,1307,1315,1323,1323,1329,1329,1329,1335,1337,1346,1346,1352,1356,1361,1361,1367,1370,1374,1374,1374,1374,1374,1374,1389,1391,1391,1391,1391,1391,1391,1391,1391,1391,1391,1391,1412,1415,1415,1417,1417,1417,1417,1417,1417,1417,1417,1417,1417
529991,IN.SK,Sikkim,0,0,0,0,0,0,0,0,0,0,0,0,0,0,0,0,0,0,0,0,0,0,0,0,0,0,0,0,0,0,0,0,0,0,0,0,0,0,0,0,0,0,0,0,0,0,0,0,0,0,0,0,0,0,0,0,0,0,0,0,0,0,0,0,0,0,0,0,0,0,0,0,0,0,0,0,0,0,0,0,0,0,0,0,0,0,0,0,0,0,0,0,0,0,0,0,0,0,0,0,0,0,0,0,0,0,0,0,0,0,0,0,0,0,0,0,0,0,0,0,0,0,0,0,0,0,0,0,0,0,0,0,0,0,0,0,0,0,0,0,0,0,0,0,1,1,1,1,1,1,1,1,1,1,1,1,1,1,1,1,1,1,2,3,3,3,3,3,3,3,3,3,3,3,3,4,4,4,4,5,5,5,5,7,7,7,8,11,14,16,19,19,22,24,25,28,29,29,31,31,31,31,33,34,35,39,39,41,43,45,46,49,49,51,53,55,55,55,55,59,59,59,59,60,62,62,63,63,63,63,64,65,67,67,67,68,72,73,73,73,75,75,76,76,78,79,80,82,85,86,87,89,91,92,95,95,96,98,99,100,102,102,102,103,107,108,110,110,111,111,112,115,115,117,117,117,118,118,118,118,118,121,122,122,123,123,124,124,124,125,125,125,125,125,126,126,127,127,128,129,129,129,129,129,129,129,129,129,129,129,129,130,130,130,130,130,131,131,131,131,132,133,133,133,133,133,133,133,134,135,135,135,135,135,135,135,135,135,135,135,135,135,135,135,135,135,135,135,135,135,135,135,135,135,135,135,135,135,135,135,135,135,135,135,135,135,135,135,135,135,135,135,135,135,135,135,135,135,135,135,135,135,135,135,135,135,135,135,135,135,135,135,136,136,136,136,136,136,136,136,136,136,136,136,136,136,136,136,136,137,137,137,138,140,142,143,146,147,148,149,150,151,155,160,160,165,169,169,177,183,192,203,203,205,205,205,217,217,221,221,224,232,237,239,240,243,247,250,253,260,260,266,266,268,273,273,276,279,279,281,281,281,284,285,287,287,291,293,293,293,296,296,299,299,301,301,304,305,305,305,305,305,305,305,305,305,305,305,305,305,305,305,305,305,305,305,305,305,305,305,305,305,305,305,305,305,305,305,344,345,346,349,349,351,352,355,355,355,356,359,360,361,361,361,363,364,364,364,365,367,367,367,367,368,368,369,369,370,370,370,373,373,373,375,375,376,376,377,377,377,377,378,378,379,379,379,379,379,379,379,379,383,385,385,385,385,385,385,385,385,385,385,385,388,388,388,388,388,388,388,388,388,388,388,388,388
